nuclide,air_submersion_sv_m3_per_bq_s,ground_surface_sv_m2_per_bq_s
Ar-41,6.16E-14,8.35E-16
Kr-83m,9.61E-19,2.76E-21
Kr-85m,6.74E-15,1.07E-16
Kr-85,2.40E-16,9.62E-18
Kr-87,3.97E-14,6.03E-16
Kr-88,9.73E-14,1.17E-15
Xe-131m,3.14E-16,4.23E-18
Xe-133m,1.23E-15,1.68E-17
Xe-133,1.22E-15,1.85E-17
Xe-135m,1.88E-14,2.77E-16
Xe-135,1.08E-14,1.73E-16
I-131,1.68E-14,2.43E-16
I-132,1.04E-13,1.47E-15
I-133,2.77E-14,4.27E-16
I-134,1.21E-13,1.69E-15
I-135,7.58E-14,9.95E-16
Sr-89,4.37E-16,6.80E-17
Sr-90,9.79E-17,1.50E-18
Cs-134,7.06E-14,9.87E-16
Cs-137,9.37E-17,3.01E-18
Ag-110m,1.28E-13,1.73E-15
H-3,2.55E-24,8.97E-28
C-14,2.57E-18,3.06E-21
Ba-137m,2.68E-14,3.87E-16
