id,x,y,z,vx,vy,vz
1,-0.032628918704267706,-0.012068410218356973,0.0049771846796320173,-3.0515977363745181e-06,-1.2202562017276081e-06,-3.75330954738753e-07
2,-0.037026815810501261,0.073296283496786602,0.010741916461503456,-8.5068795464653463e-06,1.8003912328088088e-06,-7.1533640208455114e-08
3,-0.043464501593904366,0.06827036713433049,0.0049759788342328866,-1.1607678644926756e-05,5.7184218082769557e-06,4.9834035349093242e-09
4,-0.050367125094207411,0.02181536575865814,0.0049746320988498386,-1.0784734676902661e-05,3.3221392810125627e-07,-2.0798033434275949e-07
5,0.015171872372709576,-0.081034629835034178,0.011036889580274564,9.3355878208568483e-07,-4.7642473843562341e-06,2.7801326705574682e-07
6,-0.053490049226081554,-0.054795654638590978,0.0049773062903261814,-6.5767482523056232e-06,-7.6162114060672062e-06,-5.7895261846513779e-08
7,0.0086023456330471468,0.0071870035602136168,0.030861844835772506,5.7015517640248034e-06,1.4193451366963951e-05,-7.0327453083604837e-06
8,-0.049712865976107336,0.024728899827345274,0.014496305327427045,-1.1405279843404165e-05,4.3325749361166614e-06,-1.4631296352431709e-06
9,0.058574922832320013,0.04740358673665733,0.011687813350428219,2.2513958955075544e-05,1.1112473778460516e-05,1.5468551665932561e-06
10,0.02715614257364497,-0.053533278848041897,0.0049739522607795926,3.8036085357449249e-06,-4.1365958364271088e-06,4.9039242857742358e-07
11,-0.044630999212648556,-0.10440319313768319,0.00498650446242187,4.1327336752295723e-31,-2.8735171530543744e-30,-1.6078581239921432e-14
12,-0.096841215520869328,-0.0021494230981268306,0.0049857756559644395,-9.2740249555512631e-06,8.3008301034172569e-07,8.1139078792414239e-08
13,0.088350120780381347,0.0020171979251219171,0.011879866410707285,1.3735827622787683e-05,-5.998223464386153e-06,2.6851786158247291e-06
14,0.065343162280737915,0.036649212767474078,0.012321943299779729,2.0871068747078695e-05,1.4942538965448032e-07,1.2384548248293656e-05
15,-0.044859394337694557,0.058120409952444586,0.0049734543778996582,-3.8597558647345096e-06,4.7285191707032783e-06,-3.0689172774227301e-07
16,0.083827899079482876,-0.019185103372959689,0.013214392429433475,8.4398026068600794e-06,-3.0962938967560516e-06,-4.4438251335442153e-07
17,0.019909679112082038,-0.046656097214807755,0.0049685091010153691,2.4135530969621369e-06,-4.8453432429192569e-06,2.4539917209609846e-07
18,0.0505785182528838,0.021210026725198974,0.011984342441289229,2.0347801584611255e-05,6.1125638331344319e-06,4.9703565540950181e-06
19,0.048481139712665815,0.081363616629777757,0.0049834529444130931,2.6555051157484521e-06,4.7370288178222381e-06,4.717549905930044e-07
20,-0.012956076540528291,0.059875827274587429,0.0049865044624218761,4.8836412828823856e-319,-4.8836412828823856e-319,-3.2203930265947153e-14
21,0.059541804518339195,0.0055602512799618736,0.0049687113809210948,9.3046590445356917e-06,2.8314360886953752e-06,5.7722007082223661e-07
22,-0.046848930181088336,0.013248402883675646,0.0087196208521398231,-8.0934195339503133e-06,1.0588698099322322e-06,1.2124161573900049e-07
23,-0.0039570143002893221,0.018098051558520244,0.02748105102995653,-7.1278479157785487e-06,-6.8399002595982868e-07,-9.7450466566501449e-07
24,0.039964153247702347,0.059975398644827281,0.0049743480924243849,5.0000308547555702e-06,6.2879856857107371e-06,1.2937216697884786e-06
25,0.061744033115875556,-0.0046490649874592858,0.0049760813249151385,9.9342898166034672e-06,5.3948940563098746e-06,-4.4290100232714637e-07
26,-0.020740179422665175,-0.010674751672433253,0.021165102145304728,-4.7579563972538534e-06,-3.3318984141732451e-06,-2.227015979848761e-06
27,-0.052742712068627157,0.064351576075761321,0.0049837399172732218,-8.0739844648636743e-06,1.7251366460915159e-06,-9.2648717519198186e-09
28,-0.046305602630063267,0.0030598787406909758,0.0049663963483666919,-6.7942346537504182e-06,5.6541346330855736e-06,-7.6367027543755642e-07
29,-0.057961547970839751,-0.025465752185679785,0.0049525868261334274,-9.9176100745210138e-06,-2.7996942906689878e-06,5.9590227951014485e-07
30,-0.04462074928011648,-0.055789608348438532,0.0099290841567960132,-8.450624069953411e-06,-1.1971424799470478e-05,-1.0427836662272853e-05
31,-0.015804701617329133,0.0035694361278569755,0.020649439257851357,-1.5659605387536576e-06,-2.4763222350606965e-06,-1.6095290539087376e-06
32,0.049494422908027837,-0.025022657889849455,0.01129548881903733,7.6043515053877532e-06,-3.7595685789343723e-06,-4.6282443347729602e-07
33,0.087846209068815476,-0.03004650392460367,0.01195549721658213,5.7595581630128858e-06,-2.1833483119665014e-06,9.3659101793446573e-08
34,-0.036209731057966342,-0.053667700546736745,0.0049793659440638934,-2.6485811227741498e-06,-1.1487069384379556e-05,-6.5200273582657481e-07
35,0.0505925140347038,-0.053314743662745745,0.013181581159290783,4.5463260402166774e-06,-7.4399120678704682e-06,1.7329032343355557e-06
36,-0.037361496050696136,-0.0022401277305717092,0.0049865044624218943,-1.0861018928230628e-94,1.7805539574270004e-94,-8.0550973918030722e-14
37,-0.0080939563021726248,0.01942751216326798,0.018503663157162595,-5.3954351146896442e-06,-7.7675606916197505e-07,-2.1554277765554238e-06
38,0.077931822867952583,-0.015996500961854197,0.0049772290604611219,6.3825934075511381e-06,-1.4117568522401389e-06,-3.1785628426692547e-08
39,0.019849247544109164,-0.0074718154926060234,0.019531188186405781,-2.0238103873572934e-06,1.287436265384375e-06,-1.250087556247135e-05
40,-0.0069216481790461181,0.047885434267654667,0.004974313087165126,1.1812568568527811e-06,8.2215049943731986e-06,-3.2784964905406125e-07
41,-0.081740621572712946,-0.054783298741946963,0.004985718738007113,-3.3499615972484035e-06,-4.6482957914394582e-06,-1.2562879329599996e-07
42,-0.024887350010094789,-0.055649369026011815,0.0049690786798404678,-2.8890838643819855e-06,-8.9306331079939182e-06,2.964195781234134e-07
43,-0.042460312702230114,0.02764241265142392,0.020734627789399569,-1.10166469943248e-05,4.2901816259980875e-06,6.6361502656185682e-07
44,-0.052104806216061943,-0.048569339021032512,0.012654095107843129,-6.122745065953567e-06,-7.7792896049671382e-06,8.9045514578674946e-09
45,0.062048705081108588,0.053940009099945577,0.0049819464962452178,7.1973612630845632e-06,1.2217383884448027e-05,-3.0881352684423288e-06
46,0.0048997722725747858,-0.0024753802351644865,0.0049469619447957006,2.8458412857706086e-06,-5.490681219563185e-06,3.4992391813807121e-07
47,0.080775610033278045,0.0058942850159922951,0.0049778786001423211,8.7956764294223995e-06,-7.9878818111537233e-07,-4.2905164335104881e-07
48,-0.033310893598154499,-0.069692435763194879,0.012524343132636747,-2.2894744234227964e-06,-1.6530025259333781e-05,-1.64095896267245e-06
49,-0.061498870453507076,-1.6009484863675579e-05,0.013272502128576107,-1.5569819519757655e-05,1.5206075195348267e-07,-5.5999740736296648e-06
50,-0.0013694600643796827,-0.020492386354899556,0.031405605020426892,-1.8084525750673183e-06,-6.4338959431873092e-06,-3.778119511212445e-08
51,-0.023120915433469627,0.057981050449780157,0.0049618881356116133,-4.9302398829870944e-06,1.0719339525097727e-05,-7.5560856486112181e-07
52,0.0035109935832262043,0.0043603172159973327,0.012064514939908944,1.37428327492157e-06,-4.6072790969422177e-06,-6.7469938670920403e-07
53,0.058361654264245166,0.02926926300209836,0.012894623917564704,3.5440918835996408e-06,4.9962180601733482e-06,-2.6490434218910069e-06
54,0.040568522504971477,0.044969936152898619,0.018227922029885022,2.056493670825892e-05,2.0238505075996582e-05,9.4047098579546421e-06
55,0.017927738801585272,-0.013008402678911778,0.011465102525601406,1.2532221611250777e-06,-7.428198340127496e-06,-6.3797848096127476e-06
56,0.096296654176368152,0.016055921653475538,0.0049856381997950569,5.749267221887387e-06,1.1857772275240267e-06,-5.0942627866566902e-08
57,0.04870011716637742,0.037356633979868485,0.004977306864373021,4.5912534385175323e-06,7.3700982840516623e-06,1.3992165662364349e-06
58,0.019342952076336434,0.032633490641888016,0.0049825437889145291,1.4224815238615347e-07,2.2470932725358184e-06,-9.2602255691021164e-07
59,0.031341143231318022,0.061551462617221352,0.0097537561649945065,4.6597762153601902e-06,7.8979225646831045e-06,6.8992753921952151e-07
60,0.041964939547963709,0.037015095407761288,0.012335596761638765,6.8165554739350641e-06,2.1889738954827287e-05,6.4307373470380235e-06
61,-0.046944703805476252,0.063576666600428391,0.013079980880209131,-7.9008679779700825e-06,3.0440187142286378e-06,-1.0041475001152933e-07
62,0.097612782375700799,-0.012604902280032651,0.0049865044624218882,1.5251520741550022e-24,-2.2714105877312524e-24,-6.4438517314183795e-14
63,0.052385329568510372,0.028064425918433607,0.0049712997020285796,2.5504187412206659e-06,6.9128684568447217e-06,1.9492021109971866e-08
64,0.0035889890578405517,0.087395472423970222,0.0049758248378051692,3.6526025788156887e-07,8.9892216371442369e-06,-4.8720338523655466e-08
65,-0.026950563367129882,0.032997486473295479,0.0099202696067163861,-6.4295244304332285e-06,-6.6515570827694976e-07,-3.5732215977620203e-06
66,0.090298144760941265,-0.046266409730968988,0.0049839969801072481,2.5369108198677304e-06,-7.9695805188735291e-07,-9.043394535228132e-08
67,-0.03897252447827939,0.019302800523953948,0.0049801080014704605,-8.6180201119487117e-06,3.5016056244540361e-06,-2.0989678249776624e-07
68,-0.064555649285503863,-0.057931780376700499,0.0049796489327629898,-2.0934633660868927e-06,-3.2961614640731107e-06,-1.5661028206114346e-07
69,0.016931789874765488,0.063759508242118373,0.012111615242374571,-2.8902795998113486e-06,6.060177324260186e-06,1.0534623484213677e-06
70,0.03736524622120968,-0.0094606624905007371,0.0049351123922233989,1.5196169545305373e-05,-5.7211619697955265e-06,5.4539615568253367e-07
71,-0.033812259785774054,0.038294218878607691,0.0049758269763994188,-6.7473021087663871e-06,4.1151000071671996e-06,5.2711903553682568e-07
72,-0.021473283541990171,0.026127379815247785,0.014668775776653042,-6.0761784339625026e-06,-1.4578031330846276e-06,-4.1399245803271586e-06
73,-0.03868508244877561,-0.07339098623099842,0.0049757934512622585,-5.1729294824289536e-06,-1.0504056720315481e-05,1.0478003293913785e-06
74,0.00082005403320527346,-0.0058420001306643318,0.013393253390034597,-6.74685858244183e-07,-1.1183498324591023e-05,-5.2275701741083789e-06
75,0.0075508720088912247,0.06038270447859502,0.011080930899199069,6.8769570222402615e-06,1.5279281740351559e-05,-3.1684024178651448e-06
76,0.016036266577078257,-0.088939134035813119,0.0049847417394043442,1.7522607319398636e-06,-4.653921410735593e-06,1.361336699219365e-07
77,-0.063453861173042539,-0.035013726745452403,0.0049783149196349786,-6.5892172561438841e-06,-6.5446185028373238e-06,-3.0417586775510515e-07
78,0.04974133372525729,9.9874987399922811e-05,0.011190039187248049,1.1633282143712219e-05,1.5662158140831046e-06,-5.1655488904395559e-06
79,0.014279900728450919,0.070204576021588735,0.0049750520016282902,-1.5755494002431995e-06,7.0285184737116052e-06,1.9110871143647246e-07
80,0.00090513381044823914,-0.071183899669418335,0.0049738021595345152,1.3259636958070519e-06,-3.3487933356724003e-06,4.7096897124760781e-07
81,0.01338215069744301,0.016018073820104915,0.0049722843003583402,-2.7910839363144229e-06,1.3550625105010574e-06,-8.0412767346280257e-07
82,-0.048041215256700291,0.087166873361033972,0.0049857095995406693,-2.8502841938779969e-06,7.3346780322852911e-06,2.6214980332074165e-08
83,0.034532111879585194,-0.039392030946163448,0.012780565371885846,6.1911679698986167e-06,-6.6922555240036561e-06,1.5913243792315514e-06
84,0.0089816858498418216,0.079705329260212884,0.0083871576643176245,1.4886299259770767e-06,6.347322336340248e-06,-7.2855446140818981e-06
85,-0.025085902462077411,0.0093492270751410998,0.0049715583535187803,-4.5123387192456314e-06,1.4538484914457062e-06,1.7983291619234642e-07
86,-0.072358115067932174,-0.051112315894591379,0.004979027865105303,-5.6547343694947595e-06,-6.0981732232083839e-06,1.3055300988865956e-07
87,-0.013841111800721041,0.042643761658630569,0.0099055525379470877,4.210198381411125e-07,5.6994192939993197e-06,-3.8624879645091031e-06
88,0.055174245258654914,0.015786922701919448,0.0049755421016277196,1.5776504341887273e-05,5.6580345882130368e-06,7.1072152334376331e-07
89,0.087895030193813395,-0.015236508211842711,0.0049833016062589379,6.0050057706406454e-06,-2.1838599515664717e-07,-1.2426830757499703e-07
90,0.044425292942705634,0.013750564490334785,0.014436597244207776,2.8796947548907837e-05,-3.1092977825676402e-06,-7.4471862501590121e-06
91,-0.02491745129110904,-0.0092234511488052326,0.010638524857510523,-3.8934379700302757e-06,-1.6876490706033651e-07,-7.4790803001361741e-07
92,0.032028425462342885,-0.028772682356297447,0.0049601835604336109,7.8662541955057908e-06,-2.128277199719632e-06,-3.6089337721342633e-07
93,0.0036927092101521597,0.032895293197005772,0.0067499694481990913,3.5144361473816473e-06,9.4688646554343622e-06,-4.4468497985031129e-05
94,-0.042136402762659078,-0.021723984776983233,0.0049732008858420496,-6.9782786302888471e-06,-4.3935792083567098e-06,-1.2777497554118603e-07
95,0.014748464069639863,0.057118590960593768,0.0049721221340619376,3.6902418254231944e-06,6.4732221197351386e-06,-6.1078847756374835e-07
96,-0.059522871223988097,0.071694495482193824,0.0049856794707383509,-4.8428004998725827e-06,4.7074125350842318e-06,-4.4701231641884958e-10
97,0.095281801302809152,0.026003730217599746,0.0049859645897008314,4.018048971726425e-06,9.3369907884877613e-07,-4.0604679549770777e-08
98,-0.0050281465077212052,-0.018342780906052455,0.022362919008628756,-3.8579121604081818e-06,-7.393396393718357e-06,-3.778690856870204e-08
99,0.059520872010206838,0.040082476535216724,0.0049685266775997576,1.8972543459926645e-05,6.8033095073363191e-06,2.9217593987780332e-06
100,0.018363099740797136,0.079319367502257432,0.0049784677147479495,3.494825201707288e-06,4.2335657552749579e-06,5.2980414132983599e-08
101,-0.068084663012666899,0.022370595801460943,0.0099209342126192149,-9.4785166069443649e-06,2.3388607282122584e-06,1.5635557925910323e-07
102,-0.055928169380708652,0.046278506690440771,0.010455151922079039,-7.541332396335948e-06,3.5558914675601388e-06,2.5009409784101379e-06
103,-0.045871967824286153,-0.047209691857288766,0.0049679612697045711,-6.8637664159407293e-06,-5.934139340045836e-06,1.3405074925762179e-07
104,0.069045791031457915,-0.024992342053251855,0.0049750092601900352,8.0472518624020782e-06,-2.9284628323945851e-06,2.2765035315083054e-07
105,0.011769583938096405,0.10334465607546975,0.004982560408325439,2.8747732291927633e-06,7.2062825652999997e-06,-4.1724805934342128e-09
106,-0.081060008658797283,0.00096134811754910966,0.012534895330479858,-1.4657814577872515e-05,4.2864095631021583e-06,4.0294112179147391e-06
107,0.041387854621952359,-0.059484490025393189,0.013051007548248563,4.576051153865413e-06,-6.3755411957767722e-06,1.0696929217954787e-06
108,0.05251737057600691,-0.032109031583465987,0.004966668113002508,7.5142839581009399e-06,-5.4800080965359446e-06,4.0555179544530595e-07
109,-0.040025861040397584,-0.019089426666710176,0.020811578013268304,-4.9996601943429416e-06,-2.6201503475958529e-06,-2.6464606194672606e-06
110,-0.076028943525031201,0.01576945837902205,0.0049760200378591857,-5.2266340350127868e-06,2.9153224993484209e-06,-7.2515105353278781e-07
111,-0.032578208762127477,-0.030608968611926083,0.012289250756023636,-1.7170196227242295e-06,-7.6379422943383487e-06,2.8042880124180628e-07
112,0.022692767279056628,-0.062476448024631551,0.0049696632089307989,2.520508411401516e-06,-4.6729838951148794e-06,4.3844695723461477e-07
113,-0.016785263081623605,-0.06246243717606343,0.004967389913097732,-1.6521215112088004e-06,-7.6121073805890161e-06,-1.1550430819932013e-07
114,-0.0056260990160454695,-0.028321532012443591,0.016817740310615198,-1.9065836033609925e-06,-9.937150020293507e-06,-3.8172227204303255e-07
115,0.032278331938415318,-0.055382262928135688,0.013347901440839341,3.9618545234887249e-06,-7.4142266844265581e-06,3.5820004417964342e-07
116,0.015439520928280421,-0.072245780486895173,0.0049769617624271728,2.2974257409420904e-06,-2.6902543649283294e-06,4.9320196874652108e-08
117,0.068912821371755653,0.02448201378541158,0.012027824824263502,1.8020473778293209e-05,7.8804327366025404e-06,2.4017090694124085e-06
118,-0.0039405742777126433,0.011548338353802898,0.013902621303541996,-2.4148523840114362e-06,-5.2899267103756647e-06,-1.9080689996895906e-06
119,0.07860162081192916,-7.3389839309593193e-06,0.012729076042875702,1.2279481095919381e-05,-1.6712234997584142e-06,-5.0819637383615316e-07
120,0.073559988048493938,-0.020564061450521708,0.012704852101394369,1.102929112268887e-05,-5.4671635632132295e-06,-1.7412968169641595e-09
121,0.047425258301299088,-0.067723639628847865,0.0049834698786719901,1.5219097520830946e-06,-5.1230990083882968e-06,1.7835206722343265e-08
122,0.010857002186034106,0.0059124681137837139,0.0049865063195837353,-6.1018007415464231e-07,3.1581105573508876e-06,-4.0827381265989012e-07
123,0.041121343859214662,0.00038998537505880246,0.004975061639568519,9.0770009079349072e-06,1.2145157910535826e-06,5.7821285986443924e-07
124,0.00079227614307839252,-0.020982943405512784,0.014709625036916626,-4.16569160844966e-06,-5.8605471917441352e-06,-4.0818967910293065e-07
125,0.018525885600463879,0.046309249445722685,0.0049637349635216722,1.3208428517182105e-06,1.0003012364782394e-05,-2.0846561286521525e-06
126,-0.016433352785673313,-0.02870821749223243,0.0049504872354745677,1.8836778268564775e-07,-6.7492555104334417e-06,-4.7837928235384205e-07
127,-0.056123956173913352,0.0012298302761686872,0.0049652558583224539,-7.4836638627134529e-06,8.6423791389029041e-07,-1.9160802237513041e-07
128,0.00047543792409891679,-0.035201368050340756,0.012925838163181999,1.7113514300679001e-06,-5.8467211531162894e-06,3.9876312982815499e-07
129,0.027406780324298018,0.040205806851052017,0.0049655198953121177,1.1401538600833595e-05,2.1080575203652332e-05,-1.3478571297441558e-06
130,0.025533084417063225,-0.03126117276408065,0.012101838004395928,5.9984708254684581e-06,1.1761775302396973e-07,-1.7009772410501844e-06
131,0.012794157248104152,0.031195037130737926,0.013890207436641419,-4.9431907924989388e-06,-2.24268617749882e-07,-2.9581958523048158e-05
132,-0.065911626444698626,0.03343467438824213,0.012858421166401618,-9.5650588765756923e-06,4.7954737334594192e-06,1.8508096978078626e-06
133,0.083014394430438704,-0.024772833946452199,0.0049770575265949083,4.6192567375972404e-06,-3.3595500144275688e-06,6.2514518023228991e-08
134,-0.078633197302658012,-0.038795743562978775,0.0049819367540038023,-6.4002790515654867e-06,-4.407984005522695e-06,1.0033151143710238e-07
135,-0.052214387478020909,-0.03804109386163311,0.004981062893907348,-3.8407886544512029e-06,-9.1250594796305171e-07,-9.7946685725910484e-08
136,0.043112449744685609,0.024124718868728912,0.004974659688681775,2.1756243474940954e-06,9.687881425908973e-06,8.3545544393197249e-07
137,0.061287260696005021,-0.043356548190001225,0.0049796475704595826,4.0066279671892511e-06,-4.1906119122343318e-06,1.7910634492530606e-07
138,0.014236315341074449,-0.025592284151838177,0.021103424867653126,5.7865250299813254e-06,3.9889642592636546e-06,-7.5111049677989112e-06
139,-0.018468110324205873,0.034913697485726064,0.0049772671853368497,-3.5664099640780889e-07,2.4900602180450596e-06,-6.5690330100524189e-07
140,-0.07997134614926639,-0.0097142905758980571,0.013057531330111477,-1.4411271087178441e-05,7.5031172988822503e-07,4.3463109060804552e-07
141,-0.011284994148947456,0.022496936231536591,0.0095660445023371902,4.3557122716973485e-07,-3.4319601498388377e-07,-3.0140555633979648e-06
142,0.098144202081001219,0.036005454339668508,0.0049865044624218787,1.071641300594356e-123,3.2285413733817663e-124,-3.9108344566551387e-14
143,-0.074023304371293369,-0.06113750454525365,0.0049863206663972584,-2.8898421960459782e-06,-3.4786452230723005e-06,1.0667344253415273e-07
144,-0.035464478169821172,-0.019174893276941839,0.011928308560054036,-4.2594909462441984e-06,-6.0434927725261102e-06,-2.0186179303149926e-06
145,0.031495611072766196,-0.076673951428542525,0.012290338032706492,2.4624735810945165e-06,-4.6284058084590939e-06,-9.0951756004582879e-08
146,-0.012234616420090884,-0.079667244002831233,0.011737839545991799,-6.893509015986327e-07,-5.3033962819509167e-06,-1.6254083190073746e-06
147,0.02996027380547827,-0.021714902747159901,0.011702747325976393,9.2382049920049926e-06,-2.2013239010454605e-06,-5.5174921560013297e-07
148,-0.081618843789276474,0.0074799641587925889,0.0049837141804876823,-2.666547411405021e-06,6.0947511880597874e-07,1.1164426516927269e-07
149,0.0378966297214288,-0.074318894127568341,0.0049846021331728628,2.9540936303971625e-06,-4.3915045958598461e-06,1.5220629953071943e-07
150,0.03817930901958224,0.027780881351939068,0.012838491944351717,8.533031599048996e-06,2.2602379944340778e-05,5.5375346894095373e-07
151,-0.013462905011936706,-0.023419272715644101,0.020644740423377283,-2.4456840492390494e-06,-9.6074455870387543e-06,-3.0362972668358259e-06
152,0.023920578914566192,0.066251214059504376,0.0049819081454311369,2.957052947814798e-06,3.7909032133443393e-06,-2.6635970002430173e-07
153,-0.036643371360476192,0.023885110459799096,0.013551705631932275,-1.3108587005313674e-05,3.8050090751519793e-06,-4.9170942678860439e-07
154,0.032318987231620994,-0.083434222894807897,0.0049828787236062466,-8.3370201392411692e-07,-5.2336791431547637e-06,3.2512551373864998e-08
155,-0.013871482114951256,0.012526263684755014,0.014166073346247128,-2.5971279155770702e-06,-4.7104108282330617e-06,-1.4222309964107429e-06
156,0.040781588634530276,0.093854314209729686,0.004986504462421896,6.5077458957850668e-42,2.502688667707881e-42,-8.5158224769293007e-14
157,0.026863700627168457,0.007514917299112355,0.016307437517405755,1.051761187639686e-05,7.1347469700945454e-06,-1.3425300532337847e-05
158,-0.085966490990613653,0.01684345165187872,0.0049822812807438438,-5.1364424881789684e-06,1.4176071156096774e-06,-2.4276367429825266e-07
159,0.063630427222500119,-0.0076678282736884684,0.017920363835974097,7.7026626594528265e-06,-4.8350491375925378e-06,-8.1801498392308646e-06
160,-0.0064921430749518613,0.030462339283896033,0.021369787587038783,-2.9130855877563971e-06,2.0907240358429962e-06,-6.4696611444829591e-07
161,-0.071775786076186468,0.011412063639856501,0.012886025181294093,-7.7173597875368867e-06,3.7128846109395932e-06,-2.9300443207464221e-07
162,0.008971970389318646,0.094705624707767444,0.0091428416248195785,3.5186465980464597e-06,6.8374958725035488e-06,-2.7695864913760858e-07
163,0.077702077773403128,0.044668206111344561,0.0049862091252273243,1.075882017105742e-05,7.4844223960404833e-07,-4.196167639782229e-07
164,0.033964273031234803,0.051599288411750308,0.0049656441184050609,4.7406015079477981e-06,1.752541856688242e-05,-4.491460327953331e-07
165,-0.025854352394991995,-0.067598081323769404,0.0049852387188710446,-2.6426364424404192e-06,4.7907828979498814e-06,-1.2692416561768607e-06
166,0.022247364104523257,-0.072872915056395871,0.012259815351243646,2.4744077219018109e-06,-3.6611299521385248e-06,1.6348541915211637e-07
167,-0.020063693674026127,0.070465663220527414,0.0049750618806930231,-5.3828881919774072e-06,1.5586267969559709e-05,-2.7656499663834298e-07
168,0.06751637690508222,-0.039394611513361995,0.011710906807365584,3.1366884389698351e-06,-3.1849636213765892e-06,-4.9494232027375264e-09
169,-0.086338146512420888,-0.032434508938964129,0.0049836612967768777,-4.1994948426554069e-06,-1.132285147593172e-06,-6.2591486448232575e-09
170,0.015357289854466832,0.018516257253845762,0.017672171035765735,-3.0389116473118994e-06,6.0046459390061198e-06,-1.0198901033646579e-05
171,-0.036000387274863696,-0.063733550618659859,0.0049700730341373633,-6.507068451439234e-06,-1.5945577753559998e-05,7.7420787360058404e-08
172,-0.052140125746460229,-0.061761840941485728,0.012679956601153253,-6.7026252761555049e-06,-9.5693876187732699e-06,2.2371441668272688e-06
173,-0.031290810903766494,-0.03722102318490126,0.0049533847335800005,-7.390314502954123e-06,-1.003189574888298e-05,8.6471389505266381e-07
174,-0.067028094735259239,0.039477228156596968,0.0049790469881700571,-5.328126613153649e-06,3.4627146441912991e-06,-1.4149569715091602e-07
175,-0.042772764192084381,-0.011134113223530483,0.0049757061991754026,-2.7883294759811923e-06,6.8595451293802575e-06,1.821695776138983e-07
176,-0.0020286517686555626,-0.091028675410745635,0.012274806747129528,6.5734979569603571e-07,-4.1874528135223076e-06,-1.3983240238307492e-06
177,-0.057850282448483475,-0.018941495745852736,0.012497327892107554,-8.7819115557972429e-06,-2.3956118256798096e-06,1.1960757415571893e-06
178,-0.0093883984187009741,0.039495200956250011,0.018253016968846403,-2.8945193229590653e-06,2.1311681643011894e-06,-4.0306650066949564e-06
179,0.0088392978573183043,-0.044671062844924787,0.0049864997523504312,3.3988674292408619e-05,-1.37084823921321e-05,5.0332412955798995e-08
180,-0.049706486265264214,-0.025604411017934616,0.01052447735498002,-7.4953677378143066e-06,-4.7061231540653736e-06,-2.5946865323242927e-06
181,-0.071347145524646161,-0.0013782881402969285,0.012410321889318324,-1.5384710618528048e-05,1.3934692046431726e-06,1.0445911239242849e-06
182,-0.077324557367617244,0.038388974203053691,0.0049856207875481054,-3.783836261091044e-06,4.9995730688937278e-06,-3.3993069007180144e-08
183,0.015931477848057946,-0.03790460655772232,0.0076260223507802665,-9.9215570919573339e-07,-6.5687075648267069e-06,3.8364317488842087e-08
184,0.0043833520618142517,-0.054383064643171997,0.0049726550343796791,1.0132456231743032e-07,-3.873817441976702e-06,3.7196922754262033e-07
185,0.031987612211920244,-0.065356137261864844,0.012855481495360028,2.7329319450305964e-06,-6.884526086057344e-06,1.1650004110451189e-06
186,0.0043629985120508565,0.019264288428838663,0.032885385805467647,-1.3548745850932361e-06,2.3614660181268469e-05,-1.3504882074755966e-05
187,0.086414529067173965,-0.037053485131180224,0.0049802202858062576,2.4487935832628422e-06,-1.5760372798318069e-06,8.18490005144913e-08
188,-0.038659393868265148,0.052467829886977742,0.010376496330106767,-3.7380080685105191e-06,4.9837390370510391e-06,-1.0546025186992755e-06
189,0.052353310967888429,0.051507801852584842,0.0049703458301920741,9.868415390542121e-06,1.127218067168151e-05,1.5577986788663386e-07
190,-0.016151335776360944,-0.073450707090264938,0.0049693004058262548,1.8685227652816761e-07,-4.0948943042554567e-06,-7.4183330867861575e-07
191,0.0087005279912668806,-0.0093449222261205774,0.018453899554756681,1.2820608829488197e-05,2.6175607287685325e-06,-7.8152831126928087e-06
192,-0.066208191556887674,0.013906872596756027,0.0049688975524771568,-6.487257656125877e-06,2.8755473285425292e-06,-9.6162346058172114e-08
193,0.0094480065047362512,-0.096459963286529601,0.0049859033654307923,1.024218097463461e-06,-3.9760479594807621e-06,-5.3838497386971566e-08
194,-0.049043765616708458,-0.074691493343573098,0.0049810328823243549,-5.807517612855692e-06,-5.4641886074089407e-06,1.5782355205412135e-06
195,0.035207989410293135,0.069409411190233319,0.004977584189250716,5.1962120069819899e-06,7.1485692898549132e-06,3.4752627018734363e-07
196,0.070042609210687931,0.0052942897714552684,0.0049789226135728273,9.7408614786734992e-06,-6.3748158699901665e-06,8.2866832509474739e-07
197,-0.015504359907035869,0.024764535508645845,0.022549921645197767,-8.7198720154229328e-06,-1.8105071713613368e-06,-3.2113470670661971e-06
198,-0.056752564258251134,-0.0087743557518627727,0.0049865044624218908,-4.8781571542135478e-319,4.8781571542135478e-319,-7.1342939350451605e-14
199,-0.071792428378413681,0.005289951536787507,0.004982886885108978,-8.4803797424528202e-06,3.2528661806581931e-07,2.7124306650818995e-07
200,0.056836134142723524,-0.081947596582096188,0.0049860892924734786,2.2707166417703559e-07,-2.8501879401512633e-06,7.5746674124393884e-09
201,-0.044863639094905816,0.045901317994699875,0.0049604083514088694,-1.1436202223693523e-05,2.9097983183970244e-06,-3.0236704934214177e-07
202,-0.062154420240449232,0.060988159795346268,0.0049855169808925223,-7.0203211308363694e-06,-9.3105098886270936e-07,8.5863626719122499e-09
203,-0.019876622650743411,0.024597622164925954,0.0049568143254215304,-5.8776587707996065e-07,-3.1354998546975761e-06,-1.6362207907865511e-06
204,0.071959762263325608,0.055247650177170253,0.0049861647656058699,8.8531747028859009e-06,2.8833687129390146e-06,5.274504686724829e-08
205,0.039446209817406187,0.020641616712793763,0.019692592025706168,2.6868211746615983e-05,6.2466872650567763e-06,-2.1698870235941466e-05
206,0.039527267198970865,0.043299789119130273,0.0049785078073454224,1.3011326923426427e-05,1.8605607824857211e-05,-3.8399953062748702e-07
207,0.096274650873407641,-0.035386905827948401,0.0049865044624774132,1.9243927655303138e-06,1.406087449743327e-06,1.2328314863950868e-14
208,-0.05282812892282758,-0.0027815863444837132,0.017376974665347062,-1.8318808470320794e-05,-3.1300806186442792e-06,-4.0404611981679062e-06
209,0.009720781113932677,0.049438427632235431,0.0088844004704024329,-1.8563543823897468e-06,9.6286632961178431e-06,-6.9457313587813075e-07
210,0.049047298053027467,0.0078682044322057124,0.0049722757369547333,1.3423538873520369e-05,5.3867934767702133e-06,9.8273893433081652e-08
211,0.085166698414570891,-0.043000049526489593,0.012911883555136736,1.9867671347757185e-06,-1.9097321601051171e-06,-4.7732788852695118e-08
212,-0.00070668806401513306,-0.01133700469812393,0.0049727132759845617,-3.6997224075556303e-06,-6.4683777766091883e-06,1.3894496537090032e-06
213,0.013890410349770857,0.043921868769502083,0.017742205379951161,-1.5412311410445771e-05,2.6287193598437287e-05,-1.512465910877884e-05
214,0.064768944537705861,0.064157457892648984,0.0049801149560071614,7.5072956449023476e-06,6.3046470393122178e-06,-3.0230012289518252e-06
215,0.0091589175351270372,-0.057819232731559839,0.013043127319959902,1.763510847513374e-06,-4.2772478133620888e-06,-2.1283382581862274e-08
216,-0.077171504678618053,-0.0045633708245841923,0.0049713903443397833,-1.0549292143845611e-05,-2.3212597626564298e-06,-1.7798846902809177e-07
217,-0.074090256366044799,-0.016363020416929129,0.0049759733741039447,-6.1670779982154901e-06,5.4192707989144259e-07,-6.7194058903550014e-07
218,0.080285687147604951,-0.04662250815752305,0.0049824043320084764,2.8907120532238819e-06,-3.0608311612991829e-06,-1.8628535892603039e-07
219,-0.034095720240540535,-0.039034916242984025,0.017410761894067751,-6.6937947715316436e-06,-6.6288289252896994e-06,-2.1085223824269225e-07
220,0.0070046893565171506,0.023089120893945249,0.013336403555829312,-2.0314864944839822e-06,-4.8497895723749048e-06,-2.3222074744242743e-06
221,0.044251154164376534,-0.082138431768027764,0.0049865044624218769,2.8260094270011405e-66,-1.8169968172289753e-66,-3.4504326954413484e-14
222,0.055510588389258674,0.070755690567094617,0.004983261199450916,1.3780277794709143e-05,9.7689056253812582e-06,-1.4538284103123549e-06
223,0.072111681935025623,0.036332302630950532,0.0049830497928956188,3.1066182577728425e-05,1.4075385590891478e-05,-3.2886422106191664e-06
224,0.019866645736558417,-0.043472755675059038,0.018920358588324481,-4.7845842317414733e-07,3.3922136423291462e-08,-3.0815723695291664e-06
225,-0.0024068212972554403,-0.051634223121367444,0.011745266038066735,8.633798036314932e-07,-6.0464227006505171e-06,2.0741510973019045e-06
226,0.00086849394707475913,0.064582820520594997,0.004970405696051958,5.8790649864266115e-08,8.422267108585528e-06,-3.6805839852698826e-07
227,0.013823403053982733,-0.0025474888156360545,0.0094144747620066409,1.0049412882939663e-05,-5.3286626878201246e-06,-9.9238752224573471e-06
228,-0.066615840017936009,-0.048044827091277074,0.012554241554022046,-4.9922254338499854e-06,-8.2420156920587093e-06,6.7365158681292911e-07
229,-0.029286014355434049,-0.0028290488061015842,0.016916521324996315,-8.9137460835587024e-06,-1.4967362177068627e-06,-3.4965353720076024e-06
230,-0.087072088061579553,-0.044147083602084636,0.004981914672758294,-6.7395609950717749e-06,-4.5769772546293771e-06,2.4490525333531284e-07
231,-0.016858191872400109,0.01501969093643917,0.0049736455027235057,-2.5131740687921646e-06,-3.8018378620334442e-07,-8.2608343903377176e-08
232,-0.0034739503307210039,0.0040882136350460074,0.0049612028822447135,1.4750243179406522e-06,-4.1483225465511262e-06,-6.7674400987411142e-07
233,-0.025926455800445437,0.093438874856165532,0.0049858381415403344,-2.5453151492226881e-06,7.4913772751776802e-06,6.8071373116404778e-08
234,0.059478551103274518,0.00021277196119649802,0.013398831180242789,1.0757475860070258e-05,2.6741520244869332e-06,1.436450514570381e-06
235,-0.055977180196797545,0.032394778734922414,0.013146148691904759,-9.3632062680238167e-06,6.4280279501126428e-06,1.7627263589519894e-06
236,0.0039662966992346001,0.040502845665134332,0.01463451746209023,-6.1599381054851031e-06,1.1112277785651669e-05,-5.9086127794801427e-06
237,-0.013540939838845511,-0.015127895506401779,0.026459405311323354,-2.5285727939487308e-06,-2.269501885506463e-06,-2.5663412973790346e-06
238,0.023947744269372254,0.0001965228297223794,0.024896473058551059,6.7581489535867903e-06,4.1369711608456856e-05,-3.9216327042425082e-05
239,0.0011831217014439048,0.026651976177843418,0.026957713998747562,-1.7585115495940203e-05,2.569958734055019e-06,-2.9678313678567339e-05
240,0.070567935058575601,-0.011094872214251761,0.011604397796515304,9.2600853695712477e-06,-7.4458876046314348e-06,-4.826674941716553e-06
241,0.023537249487915839,-0.018090416606810201,0.0049724006462384431,7.519811898654118e-06,-4.7833050055577939e-06,-1.4186304951072869e-06
242,-0.024732679967102739,-0.08554591188666158,0.012596880150959723,-9.6342159362306507e-06,3.2834499124313354e-06,-2.9102920102795665e-06
243,-0.037920692010400624,-0.045333613055653234,0.010680930879022492,-5.4931977605557338e-06,-5.2711841671035585e-06,-2.2031328363264561e-06
244,-0.0011870445918324478,-0.040992366712178659,0.0049683382033570951,2.469600232133273e-06,-4.4964612445421685e-06,3.5894487970195582e-07
245,0.027847823939726794,0.076166571826318585,0.004984297380393952,3.1419083880676177e-06,4.4330603628947107e-06,-1.9626470983595232e-07
246,0.04056196050965899,-0.037802117461216582,0.0049763230724507333,4.0594564525987573e-06,-2.7948832176240042e-06,4.450847066642446e-07
247,-0.0545308949426868,0.05451998662907305,0.0049811205435779842,-4.7880561193788038e-06,1.2765665112875609e-06,-5.4768011318312703e-08
248,-0.012277753687958956,0.032053417213351233,0.012265453074390878,-3.1078164052638387e-06,-7.5069549578980966e-07,-8.7993970176101395e-07
249,0.047002718817610471,-0.057739601724013233,0.0049756303215928019,3.2883202648416718e-06,-4.7835634728089638e-06,4.3376222234378415e-07
250,0.031042769548808902,-0.033578336644283696,0.020102020723889381,4.6132078123429078e-06,-2.736170842919143e-06,-2.152682937802864e-06
251,-0.017071256987996223,-0.0068318115025917739,0.0049487806767286868,-2.6504793695577131e-06,3.6479767064496911e-07,4.8518625097746827e-10
252,0.0070574358375745175,-0.034202870006396532,0.0049640470705885602,-2.9239727847882089e-06,-8.0916722202598125e-06,4.7953423427946466e-07
253,0.01835139064047446,0.051706057920052083,0.013353433649747054,1.0753260168329369e-06,1.7151796600227018e-05,-8.0589445807905176e-06
254,0.014373303521237063,-0.055094171987461409,0.0049724277710177719,1.7785605010854057e-06,-6.6507696330416463e-06,-1.3306025109743726e-07
255,0.046098465807486028,0.055653046152973201,0.011558665412600462,1.223948636525997e-05,1.1585756470313282e-05,1.7383618418624438e-06
256,-0.07127156305731569,0.030436298490602132,0.0049815900919470951,-6.1016617247814176e-06,3.4739745985635531e-06,-1.9164817252726717e-07
257,0.019345163341171617,-0.022793104302258522,0.012854941870787381,-4.5922643984589604e-06,-6.512246825357824e-06,-6.1027553109036706e-07
258,-0.0093168867924270371,0.010709971551705279,0.023211674470775611,3.579989878432071e-06,-5.7212576055999789e-06,-1.1311248761093324e-05
259,0.0088142736614931338,-0.040561812165409217,0.01410302786007951,-5.9141669196381502e-07,-9.3704025707552839e-06,-1.4673844883353443e-06
260,-0.022013420723129003,-0.043339262481200645,0.0049713570775417257,-2.0533016365409952e-06,-8.4967817171577355e-06,1.0410043854441591e-07
261,0.037606124789068093,-0.054341219660718067,0.0049752037219495861,3.6111308052270614e-06,-4.0015900082540719e-06,1.2586323591878627e-07
262,-0.05928556659409414,0.027705149152377689,0.0049750427933673534,-4.5849596871490364e-06,4.8097603035085939e-06,5.4732704312577485e-07
263,-0.012442609669187834,0.080807841632115893,0.0049774556025346606,-2.7471196018284267e-07,6.1108931932719547e-06,7.2800893684794507e-08
264,-0.033666154231181251,0.014496277643976534,0.01194050080619464,-6.180280670397867e-06,5.8226693180483589e-06,-5.5408929493952846e-07
265,-0.11569148223033539,-0.038248209512904065,0.0049865044624218431,-4.2015123536395013e-117,-1.5361510725035342e-117,5.5291783932878701e-14
266,0.038039410416317559,0.078993453967974178,0.0049828326587600755,2.0332889600741381e-06,6.9096197649727496e-06,1.8511397231908764e-08
267,0.039735170069899302,-0.017963560449966647,0.0095861299034412182,1.3517782316913451e-05,-6.0571276333550514e-06,-4.4423461196194551e-07
268,0.041906476491953393,-0.026543306855665118,0.0049731842150316169,8.4725432855036593e-06,-6.8927941169310287e-06,-2.002503273086469e-07
269,-0.0093245385474276243,0.084852074760639662,0.013561972821531296,-3.0051414611668703e-06,6.8337636492485977e-06,5.353728923706484e-07
270,-0.031773650026862041,0.0043740657232643207,0.010468970299414663,-5.866295309453359e-06,1.5522073366187229e-06,-1.4320707146219988e-06
271,-0.039351066651635833,-0.03131861468921289,0.004975464865833449,-2.6259428024391444e-06,-2.9368329591168857e-06,1.8296838030409955e-08
272,-0.021065582494314512,0.07208591082746181,0.017527044171471062,-1.8615594907161836e-05,1.501137804301781e-05,-2.3897865542864345e-06
273,-0.028495361354011487,0.019424563588700063,0.0049609819946477129,-4.2462922700895183e-06,5.271806502538254e-06,2.2973309565260689e-07
274,0.015957561480098727,-0.065046830249802248,0.01187907573921322,2.2968324730010488e-06,-4.627766049694074e-06,1.1495198925633444e-06
275,-0.007845204213099222,-0.0052600367606435725,0.0083942518051214696,-2.8024858141178082e-06,-6.0161452842646591e-06,1.9617907265639089e-07
276,0.05613167902559632,-0.051974938225073569,0.0049796902886115445,2.1791456818218189e-06,-2.2616322340888634e-06,5.6097721885277695e-07
277,-0.0097698614469204585,0.0035362016831791535,0.012692238360552865,4.9587241115094229e-07,-4.9365767269115141e-06,-1.015682949977661e-06
278,0.036571218687743649,-0.0035671135552079007,0.012923872782345117,1.217424632694186e-05,-4.7696081894423536e-06,1.2928388434189755e-07
279,-0.01708829952146787,0.090475739984632556,0.0088342021438080742,-2.1074016242706388e-06,9.2947607082614949e-06,-6.1741749729050208e-07
280,0.048765964023532116,0.030393572653894772,0.015449063991525827,2.7289360368274666e-06,8.0755469007435961e-06,-1.0133446370840429e-05
281,-0.027578667463410561,0.043238903406055476,0.011025139558758321,-5.5798991356409158e-07,3.5106908869023648e-06,-3.8001167391537565e-06
282,-0.094920319970954056,-0.037559078652745825,0.0049859495529373634,-3.9131278894557746e-06,-1.8800933631284421e-06,1.3449692149183101e-08
283,-0.0077595352362025798,-0.0049797374561369647,0.018540394662230866,-4.258547044095037e-06,-3.5774410006300823e-06,-1.4302923240810198e-06
284,0.0015579426384280002,-0.08170195094150659,0.012290737618813221,1.4464981880350515e-06,-4.5687409413925389e-06,9.0523504075652153e-07
285,-0.080247082501930592,0.048903608155352503,0.0049825562662475014,-6.7334133328113079e-06,1.5785222086001827e-06,-8.4089183323536418e-08
286,0.066666077920578395,-0.05764848894132113,0.0049811331092114346,3.2867816611310228e-06,-1.1943152298229406e-06,-3.2470520487784347e-07
287,0.056058956405620051,-0.061969284887215502,0.0049854650748499584,4.4827927698068684e-06,-2.5911413896342246e-06,1.059892593542228e-07
288,0.025803645863904833,-0.03834247179775755,0.0049865044624218709,-2.2282562254239302e-163,9.3729672034697082e-165,-1.8382204997862648e-14
289,0.069133893534593621,0.0019955311922627756,0.015198941557478942,1.1586620238725291e-05,-1.595865586959558e-06,-2.0893154030310541e-06
290,0.0076143133112361464,-0.078596578820759239,0.0049757936819530696,1.1296313059896389e-06,-4.0613352446470459e-06,4.0171992642212276e-07
291,0.016089149058149052,0.089052620059484541,0.0049846982309966099,1.6395192672034076e-06,4.1304633849331532e-06,1.5437548732873547e-07
292,0.020838193486772662,-0.056299353809032462,0.012577252217826945,4.6362442191594067e-06,-6.7078697476319207e-06,2.3668826489898028e-06
293,0.037445595772909297,-0.029850866620076764,0.013273924872166047,7.0517845191822453e-06,-6.0821201741492119e-06,-1.0239545441509158e-06
294,0.0099821933023145504,-0.0056372333935239142,0.027639278543705868,1.7240579295737679e-06,1.6946459727176188e-06,-7.7048352275396094e-06
295,0.054320099471208652,0.038399795473055033,0.013311616008875982,8.9189542486621406e-06,7.5961003613058169e-06,-1.2933237634335586e-06
296,0.065011186803756629,0.010743949742619479,0.011660451506833975,2.0723384742032895e-05,8.4978675169950576e-07,4.1889332309285e-06
297,0.0086997803309123052,-0.063697972838816758,0.0049792973902481382,-2.8967674787986775e-07,-3.4204652742800928e-06,-2.5293167772572416e-08
298,-0.042201611352551599,-0.08274399731877595,0.0049853914088861199,-1.0524256348292567e-05,-6.8882838557147943e-06,-5.0949099320014384e-06
299,0.064403521428630747,0.029938134689434612,0.0049763782196524716,1.203389794566183e-05,3.5006365269132571e-06,1.9553629231075959e-06
300,0.030280252156253736,-0.011729728893143729,0.01153674459638622,9.7042765408990099e-06,-2.7914040424255084e-06,-4.3531372907589714e-06
301,0.0027534943574490816,-0.020752677261572382,0.0049563954435834232,-2.2114066531252817e-06,-2.3789181420198792e-06,2.93186486127716e-07
302,0.0019022902518936141,0.054240638486355276,0.0049685180958111636,-4.1145184604819141e-06,6.2536644370275646e-06,-7.7254253674312768e-07
303,-0.01952607345706301,0.063712885609315484,0.012299421192766264,-1.414922727020585e-05,1.4642385094256937e-05,-3.639193539532354e-07
304,0.021494998037391612,0.072937569454258833,0.011996192118948715,4.2654929328452477e-06,3.7536732058354979e-06,-2.7805356030622601e-10
305,-0.023402854943582671,0.083767524198244611,0.0049745581104737478,-1.8069034097829134e-06,7.2327109730714397e-06,4.8762845486940942e-07
306,-0.009553556868731038,-0.035767107689598211,0.0065115067199032588,7.0568335320662399e-07,-7.2610942789619698e-06,-4.1291974487731611e-07
307,-0.029743231534299294,-0.024443346416567736,0.0049729515923773553,-3.3784932661429123e-07,-9.5090567098359221e-06,-1.1904030278062421e-07
308,0.0007265291549649396,0.021700566662592367,0.0049748703895105368,-2.1972509705023684e-06,-1.7929936846680134e-06,4.5421718383196823e-08
309,-0.073175288547097456,-0.091015148411735552,0.0049865044624218492,-5.2545705295493752e-21,-2.0893786128164612e-21,3.9176098516685716e-14
310,0.040528138631251882,0.066171927977999409,0.012790071502310254,3.5499673350904018e-06,8.0107634616852521e-06,6.4903975838205703e-07
311,-0.059609283548590929,-0.055143024431313636,0.013190581166974288,-4.8097987794142482e-06,-7.5618309988896524e-06,3.6093740429810486e-06
312,-0.0027411885668376002,0.0035747329207130615,0.019784543713626767,9.6738593204370208e-07,-5.7803964017433067e-06,-2.3990052008443343e-06
313,0.065459641994716947,-0.067572195314015718,0.0049857671963940593,1.7400159522982652e-06,-1.0120000315641701e-06,-2.3666437460107204e-08
314,-0.0027420672660616271,-0.097814879016602935,0.0049814462000150588,-1.1475704255119114e-06,-5.6944775579234202e-06,8.8564692670393749e-08
315,-0.044247096777781394,-0.037604822360608227,0.010986399409104765,-3.1549008833854292e-06,-3.668109892653247e-06,-9.932541643748638e-07
316,-0.058593859693769866,-0.031429176602119649,0.012929394145669284,-6.9491119912723559e-06,-5.8581665113730598e-06,-1.4199354411495344e-06
317,0.074397351008826329,0.084803758031013657,0.0049865044624218518,5.1427469864086078e-36,6.6046590991218535e-36,3.2268455981014653e-14
318,-0.049033823546786329,0.031716767558711952,0.0049778963798791263,-8.28166573203578e-06,1.5083579176302485e-07,1.7499398408964812e-07
319,0.02300182704691222,-0.079679427212393267,0.0049817637987013969,6.2977480119242593e-07,-3.9451593975284401e-06,1.2351783144222447e-07
320,0.041382086775116074,0.014276222615933191,0.0049616702025654979,1.4302575256668306e-05,6.8353572861433977e-06,-7.369159865073782e-07
321,0.074807727813357039,-0.03826541258564406,0.0049788065137843784,3.0237031826123128e-06,-4.0128662322680322e-06,1.2111741636794911e-07
322,-0.00674585909825172,0.014912579592893948,0.004952695880300958,-1.0222476063832852e-06,-2.8716844025251235e-06,-9.2820319911165125e-07
323,0.014571822014767154,0.00076290291701749892,0.02151034314195216,-4.219490516699655e-06,-9.491182738567707e-07,-8.3878150724949027e-06
324,0.0040020842328626982,0.031347351919141002,0.018614642646272984,7.6395016551235686e-07,8.2741754232135724e-06,-1.8619798687800601e-05
325,0.034087696223388468,-0.047319976991558932,0.018976787854893054,4.2649355542483768e-06,-3.3666826481745045e-06,-1.9997341693013924e-06
326,-0.040869671736897248,0.033029954465488127,0.010574956983326821,-7.2354914232125251e-06,5.0520650147860769e-06,-3.2896655107422398e-06
327,0.025801257684027638,-0.052699929058151525,0.020455982940768332,5.2157470368674691e-06,-4.5480963592330287e-06,5.9465590079522228e-07
328,0.038035987926420614,-0.064323787320294062,0.0049798914560966138,2.1003887439335952e-06,-4.0471349971726596e-06,3.8507764905732195e-07
329,-0.037735958236529185,-0.091688630092861143,0.00498618858374693,-6.0077129497727007e-07,-8.2247319175467439e-07,-6.7618098055624359e-07
330,-0.061881523783808519,0.0099556812707659471,0.013035312985077013,-9.769366508141247e-06,6.3130939073951298e-07,2.8770672552527282e-07
331,-0.0025595582891891292,0.025952825563247239,0.013381200959753254,-2.2615151918296277e-06,-1.163435748588848e-06,1.0679200885712526e-07
332,0.0069003452486901653,0.0071297790441824773,0.021026129499786512,-3.5139376490716362e-07,3.9232041077150023e-06,-3.917635858804455e-06
333,0.024521390105341191,-0.026040259838312874,0.020745366161043041,7.3769730123315107e-06,1.2955626833571724e-06,-8.1460729313767137e-06
334,0.017179090282667963,-0.034098859253887059,0.016764761161055984,4.1413615148616093e-06,1.8893351783755331e-06,-3.446456230086509e-06
335,-0.0087682293419138555,-0.023442926318973625,0.0085996101790131278,-2.0080716552852499e-06,-3.8688001485693987e-06,2.4237423388964466e-07
336,-0.016691118808360984,-0.04431129811987497,0.013357597807332797,-3.0640707914355855e-06,-1.2736409617644404e-05,4.9251576565986456e-07
337,-0.022076418980623288,0.004106283177992916,0.012910003035761333,-4.3036972912408517e-06,9.2231671748803425e-07,2.1434543797945985e-07
338,-0.056320669116587022,0.015475126515307556,0.019218769236562953,-5.5040101165798949e-06,1.2130816845503546e-07,-3.6346509599827515e-06
339,-0.03645518232980681,0.062151240131883854,0.0085721429403997889,-8.3938754994340844e-06,1.1580907066885952e-05,3.8391017161010333e-06
340,-0.018395860663715718,-0.09487861582170698,0.0049810756055584495,-2.1508841836715797e-06,-4.7100794413158386e-06,-1.5128810777035671e-08
341,0.021990905668224005,0.014643485101334026,0.011311845395625193,-3.9962649463550125e-06,-7.3145154831432461e-07,-6.4020809399635361e-06
342,0.056476172838754793,-0.071957573040875814,0.0049856270906355488,2.6527306441377087e-06,-2.7387289122005092e-06,1.8723780448713261e-08
343,-0.015998991294313845,0.0046429605160080555,0.0049757102329507294,6.7377478069924264e-07,-5.9342084018964602e-07,-2.2520182925787319e-07
344,-0.044676189453738607,-0.0040605791932326815,0.011752248608984352,-1.5492812484201331e-05,4.317629599629876e-06,-3.668662641275233e-07
345,-0.038495200297248795,0.0092744683388348934,0.0049586365708943689,-5.7894860422316654e-06,4.5657200948868854e-06,4.2378293871176456e-07
346,-0.060142343044790936,-0.047337376827168036,0.0049777682605714859,-4.9700793474101323e-06,-4.7891337667707884e-06,1.7168017659666749e-08
347,-0.0078939733419139332,0.089757732618093167,0.0049794458619992652,-9.6046731919376777e-07,5.6403116853209467e-06,2.5057674366461122e-07
348,-0.017995729011123812,0.053708032347896284,0.012364259216401887,-1.8816835889683743e-06,1.5847776786771244e-05,-3.7070293745519997e-07
349,-0.020953015569942057,0.047578830711589082,0.0049628633302818978,-6.6331365335562524e-07,8.652520389364407e-06,-9.2496592071390994e-08
350,0.075546308763137823,0.026947135293286774,0.0049802760457082788,1.4797550551797284e-05,3.1022643782073097e-06,-3.59438620320608e-06
351,-0.011919961367760995,0.069922589855710357,0.014122949631247269,-1.6956083830544735e-05,1.8740918768675391e-05,-3.2499839217991009e-06
352,0.044895414863898288,-0.0095059409755195289,0.011473301335245557,1.4307111243933733e-05,-2.8027683956068974e-07,9.1361359014329488e-07
353,-0.0087582536127253259,-0.089829566745187092,0.0049835870562801596,-1.0706947274250699e-06,-5.3147626212122031e-06,-1.2695869137810999e-07
354,0.011183839615232293,0.026534529621356096,0.0049652366483007001,1.4668946980752008e-06,-4.9809037105423816e-06,-5.8779242566152284e-07
355,-0.05108761585861292,-0.011609046465407658,0.013058426865934735,-9.7446630961849183e-06,-1.6534241047493653e-06,-2.4035006595941164e-06
356,-9.6849940514111437e-05,0.098173960826405851,0.0049812960115822348,3.621761414499662e-07,6.3497374300054947e-06,1.2644658959389515e-08
357,0.034102718762929279,0.017769176049799374,0.010826508413466664,2.1772293629411666e-05,2.3300043831766437e-05,-2.1254742302601439e-06
358,-0.028839060601216195,0.066547375967926189,0.014566230627541405,-1.5690723132567671e-05,8.2723255813836881e-06,2.1101440340153167e-06
359,0.010317958014476597,-0.028358211279999372,0.012351996384772503,-4.197205865909908e-06,-5.3436965801595396e-06,-4.7080207636223128e-07
360,0.010488756148279037,-0.018675845105677578,0.014941580267142623,-3.9624485727812464e-06,-1.2631800773890616e-06,-9.1074366581266755e-06
361,-0.057141556000414012,0.038006601272545619,0.0049770917075240813,-5.4822063141095328e-06,4.7281688544422264e-06,-1.3410012617362546e-08
362,0.048550874915978988,-0.017038216076518058,0.0049824775607258424,1.3230091704870147e-05,5.6713833381816942e-07,2.5149292476248482e-07
363,-0.034162520885977148,0.028224703303382389,0.0049488302238703905,-8.2874413816254277e-06,8.421867313398383e-07,-6.0557459916875601e-07
364,-0.091219754018873694,-0.022502967354808143,0.0049860855669660474,-4.2756942306276845e-06,1.7923454122205933e-07,-3.200176285666683e-08
365,0.035734581428524356,0.011418705531726846,0.018760176286300237,1.5381393550467206e-05,1.2821030899673169e-05,-2.6660263110231291e-05
366,-0.055862296271920693,0.011247880404869083,0.004961957616887093,-7.6997302312793381e-06,1.4547957605291793e-06,-2.4611978493796706e-07
367,0.070274485050483282,-0.047726442968119211,0.004980328124204984,5.1024098378041634e-06,-1.957408861211701e-06,4.0372477112416217e-08
368,0.093188762279950335,0.047117829189358466,0.0049865044624218414,5.9830691052772277e-20,1.1693633542955148e-18,5.990225461649216e-14
369,-0.02223062152164431,-0.019799676266825335,0.024941161405340227,-4.025854535013853e-06,-2.0992248151686265e-06,-8.1560053801079905e-07
370,-0.04652317328202827,-0.064746710795225482,0.0049795097932274048,-3.8554216646264869e-06,-4.458759822887675e-06,1.1231995513443179e-06
371,0.012646172464137359,-0.019354729983483965,0.0049805256420888911,-1.3892224894811803e-06,-4.9893031697959261e-06,-3.0154097598408254e-06
372,-0.027880863668846696,-0.026351492397474491,0.019973856944115256,2.6874477199210693e-07,-4.2395510793826617e-06,-2.3861639557564639e-06
373,0.028652116238767272,-0.070495715524716479,0.0049732583464306241,2.9029100598467191e-06,-4.8590123331344759e-06,-8.393078633622281e-08
374,-0.022997785131074314,-0.034695006986931481,0.0098738108386267186,-7.2370273610107547e-06,-1.1585759470847892e-05,4.0234797062076827e-06
375,-0.0082618240369661949,-0.067471877737585104,0.0063263689876505366,6.2412581510313053e-07,-4.111318625700415e-06,-4.5053765521129864e-07
376,0.0580337907591187,0.06052870555663685,0.01139576222505829,9.9663378912280883e-06,1.3383805453533892e-05,-3.6091393599442838e-07
377,-0.083832798044529866,-0.014139581645860617,0.004980918412746168,-8.2197163019273376e-06,-2.694242767621982e-06,7.8721762736260882e-08
378,0.079389477228732172,0.021662559057359011,0.012538214325733087,3.2617268056293651e-06,2.2269236659117058e-07,-9.0135304148488631e-07
379,-0.0048826367056525929,-0.079484033414630145,0.0049787695270510903,4.4225565903738255e-07,-3.7649415350940873e-06,-7.7524620844397026e-09
380,0.034017878033759101,0.0082102814393897171,0.0079244496905511701,-7.7929827029866498e-05,6.0086988718558164e-05,-0.00012108374097140372
381,-0.067002131415767843,-0.0065407323695582022,0.0049823176806375619,-3.8671821240978636e-06,2.6818890018011579e-07,2.9242962450391826e-07
382,-0.075441970689162655,-0.022274343612784301,0.012917243776700104,-9.3934298471636054e-06,4.3047519153713443e-06,1.9303498250784638e-06
383,-0.007941128999400051,0.070293873489826075,0.0049770656797152564,-6.5011774041796179e-06,-1.2560201478734304e-06,1.833185536825959e-07
384,0.075203627147485408,0.0094430335287638643,0.012469198409174265,1.0389566708834716e-05,-7.6842719809347666e-07,9.699650958633587e-08
385,-0.067774510337152885,0.0048928952099280111,0.019313046981335878,-1.156598904292377e-05,1.413104950282551e-06,-1.3011089919770265e-06
386,-0.0056553380575021387,-0.01344480249775501,0.013677409593977612,-5.9457119696050528e-06,-6.3205522176480944e-06,1.5090645378245155e-06
387,-0.030466603337149619,0.050640402217494447,0.0049682027544645712,-2.4855233650233503e-06,4.3917217362836873e-06,-2.6518533086133357e-07
388,0.0027625170000875297,0.011897653281683445,0.0049774283072465415,-1.9692103632646873e-06,-1.450179515990943e-06,-1.0251803710574494e-06
389,-0.042649347531816817,0.016744858851088288,0.017059651439626563,-8.6203256059547712e-06,4.6762391581558289e-07,-6.9535159988732468e-08
390,-0.011425110239169414,-0.045460204569366197,0.004961079677576149,-1.9732042118677918e-06,-7.5198147590252003e-06,-1.2890339412245717e-07
391,-0.059926283456480767,-0.075318031716830103,0.0049840481001031259,-1.1483309319569868e-05,-1.1596844555787605e-05,-1.7621512864892563e-06
392,0.050477884566321532,0.061764668310847703,0.00497868309803435,7.6248816073090547e-06,1.2542709977112526e-05,8.8527586464354326e-07
393,0.027505382625057005,0.017042825054713301,0.019260477099338886,1.4356449727492613e-05,1.3212079329066531e-05,-2.5265603993988785e-05
394,0.024371483481029257,0.054411438538088462,0.0049848003767508121,4.3604591543287994e-06,7.1350431185829342e-06,3.7362851376498658e-07
395,0.019183648631325479,0.024324531227805049,0.010525636601546377,6.9109807105172552e-06,-4.5495002211982401e-08,-6.724566403316123e-06
396,0.016976127905620187,-0.028354972603086857,0.0049420624642067222,-3.5335061871062914e-06,-6.8272244658431296e-06,1.1295874629395886e-07
397,0.020854510016257516,0.0070352493620352884,0.0049558996903359192,-1.1531506846777944e-06,-2.2047151472495345e-06,-2.1317908767903554e-06
398,0.023387235872432119,-0.00032887656564868791,0.011217816651743377,1.0012653242528304e-05,-6.6511735439695664e-07,-3.228353354165361e-06
399,-0.0045554729790576089,0.03896911562975764,0.0095549961530981154,-7.3434267675257301e-07,9.7808808257826259e-07,-3.0814629243677311e-06
400,-0.048790715680703922,0.039359418840403289,0.011397644769696727,-1.0221810154668911e-05,7.7706492180373237e-07,-9.2566455272257399e-07
401,0.026607721081736247,0.020739849890701472,0.004940108403430247,8.0941876498976134e-06,-6.2190245553340193e-06,-7.4709992919335546e-07
402,-0.0057529753334050523,0.030184453964086994,0.0049523635944980137,-1.7706683182171251e-06,-1.1618747577267389e-06,1.0635898378500612e-07
403,-0.093629641584362738,-0.012173962712232658,0.0049853780000963304,-6.5753282397623432e-06,5.4043873797794494e-06,-8.1625488252190595e-09
404,0.052131189044048593,-0.0073352494454138563,0.0049710665850202151,1.3585306468182742e-05,-1.863145171849136e-06,4.0701777514074218e-07
405,0.0038575069468987895,-0.02892230474995992,0.019922445723675214,-1.9648092375213718e-06,-5.0147551809069896e-06,1.2836271910718044e-06
406,-0.10252573333009386,-0.016735378027714656,0.0049862298211652304,-3.1359255694340339e-06,-1.2451653392572159e-06,-3.5337161076336843e-09
407,-0.070180410819902395,-0.011730171822060509,0.012904153220973118,-1.3232567988081959e-05,4.100668636622679e-06,2.074417412180069e-07
408,-0.00881240592012986,0.00029971497208945068,0.026996045536071978,-1.227228490718323e-06,-3.7611226751739696e-06,-2.678968521170153e-06
409,-0.023308271778238018,0.015628420136457523,0.012573402486095885,-4.5273289709877002e-06,1.5438474806656239e-06,-1.3416324998859592e-06
410,-0.090913580642490013,0.026969068437738095,0.0049815753563412953,-5.7030160066938971e-06,1.2254299278768013e-06,1.8009241452963063e-07
411,0.081158369289415278,-0.0096355494343547104,0.011968029609454983,8.1769964573013184e-06,-2.9530256764711976e-06,5.1024895216538415e-07
412,-0.073452694475042976,-0.030250969726670577,0.0049823685354950728,-9.3664598022546017e-06,-2.1323426500275983e-06,-2.3482488548109631e-07
413,-0.015262993205745557,-0.089155474946214591,0.012541967310110121,-1.2384561044802606e-06,-4.9505853166592442e-06,-7.1553337737358761e-08
414,0.052078953110932483,-0.041483575917995362,0.0083563721450798691,3.7174261761748524e-06,-6.1625916269571354e-06,1.2074337621370932e-07
415,-0.0075429618044927614,-0.056841286048218198,0.0049634238648206992,-6.0672421807137864e-07,-2.3802086968494685e-06,4.0518439252565036e-07
416,0.029734172480047852,-0.0060703930427388449,0.019734526975892161,-2.5193270890198304e-06,7.8560694968307322e-06,-1.0606636771654987e-05
417,0.008446070790442288,0.012983568012923519,0.01309008724775621,-3.6812462768552997e-06,1.5745758166817208e-06,-2.6143928023965032e-06
418,0.093007593894500987,-0.025089367143125867,0.0049833237220291843,4.7668393999804001e-06,-1.0613104506401806e-06,3.7571442681392254e-08
419,0.0005100193348462562,0.075657405941544492,0.004974652379843774,-3.2866278550017461e-06,9.6578775363858194e-06,-5.4316037132193866e-07
420,0.076179523615838268,0.01597492683038234,0.0049784063415311101,6.5674977955395489e-06,-9.6719122989806126e-07,-2.2152143617423474e-07
421,-0.043500979893620353,0.078263067707358761,0.0049821268095227769,-5.586550331165215e-06,5.7069963281797336e-06,-2.595555362798274e-08
422,-0.033847169222778771,0.081466056217792987,0.0049851866761040373,-2.0970084211698461e-06,2.3195401840131367e-06,3.4936228854869004e-07
423,0.031152102488898721,-0.00088792661158152786,0.0049736501598162345,1.3239816045135017e-05,-8.0670765667619088e-06,-4.3939099813995513e-07
424,0.064389447072185108,-0.015505826666145923,0.0049865044624218405,8.676836091114527e-44,-6.2676158925155133e-44,6.2202647682760905e-14
425,-0.064016338130140432,-0.016619313130200205,0.00498428541962461,-2.6088439874856556e-06,1.5892702213933359e-06,-7.1163540737004212e-07
426,-0.080977246023377955,0.028065828454707988,0.004981286063713038,-5.8626011816308866e-06,2.3314674553712844e-06,2.2098896340813799e-08
427,-0.048399031529662691,0.052489419128146954,0.012598431412378092,-4.6581398660566402e-06,1.3675562236130005e-06,3.8769118214274421e-07
428,0.045158997268239735,0.070334717202131719,0.0049776430205430242,5.031928934818904e-06,8.1143311948396492e-06,8.591899092615855e-08
429,-0.039830010497800529,-0.0093283905359161905,0.018696296078284966,-1.0768936984559878e-05,-3.7662878851083785e-06,-9.5433768897651718e-06
430,-0.066920420344217274,-0.068172006693356171,0.0049852287173079799,-7.475349910455499e-06,-7.3463823745566907e-06,-2.4413253505106834e-07
431,0.0099709923431152408,0.015519431711743942,0.025519873219773816,-6.9905977656164467e-07,1.0803876540191092e-05,-7.7846255291622667e-06
432,-0.015491330015460743,-0.017284927516238904,0.01303292581435889,-4.3119759502501481e-06,-7.4856653687864014e-06,-1.3069593918867955e-06
433,0.023666665896467255,-0.0080959361660393903,0.0049638736150430665,9.207756221409906e-06,-4.3549299669268777e-06,4.8856502499616754e-07
434,0.07539446877900928,-0.0054197498022912696,0.0049719644131190717,9.8131032388090988e-06,-1.5027056467307101e-06,1.5153060211370374e-07
435,0.011719329590857031,0.026405672727405571,0.022588321421303213,6.0700793855709423e-06,1.7675788832521411e-05,-1.9202712081287754e-05
436,0.10384189951216992,-0.00082023958113440053,0.0049865044624218639,9.6109010658591755e-55,2.0755278210391558e-55,3.3878121347741457e-17
437,-0.063835411655389404,0.048950173182780291,0.0049787544479562148,-6.3693054033688714e-06,4.5372150662515795e-06,1.2193134326410033e-07
438,-0.059065508651145966,-0.041406569063418587,0.012937610082575431,-4.0205947223490312e-06,-6.0156359521844758e-06,1.1693584979860121e-06
439,0.0020846524666861444,0.017087983572233695,0.019599092480123426,-6.6130560556277139e-06,-1.957688430804739e-06,-2.3227317498383404e-06
440,-0.077763164616084776,0.022212562430614088,0.012410193568190692,-9.5645964525924319e-06,6.6906026282924307e-07,2.3899315099564053e-07
441,-0.0018204026134688816,-0.02963330270172268,0.0049697660887842911,-7.8316691886762149e-07,-3.4928100188101662e-06,8.8290415755085834e-07
442,0.067761799325562005,0.045733697240932264,0.0049855342198231994,1.1581933656753362e-05,1.6486644314503387e-05,2.0754136389506769e-06
443,0.0034334326836477688,0.04271593967209978,0.0049372931799480926,-7.2071994374615802e-06,1.726633565147923e-05,-1.4316977543810281e-06
444,-0.031322049054237855,-0.080153395072351877,0.0049821734138580358,-3.1489563124757057e-06,-1.1713812501855787e-06,-2.7394097101537469e-06
445,-0.024621125000330282,0.030247608386734376,0.023200991420332898,-8.8231893064853808e-06,8.3147120136008077e-06,-1.0221125378096257e-05
446,0.038925642032950306,-0.090937554803899881,0.0049862373525588538,1.953085360315094e-06,-2.7245751368020171e-06,-2.1542283373663599e-09
447,-0.030107431699248018,0.068984727654275657,0.004971414034985939,-4.6996387132512257e-06,6.795608660870812e-06,1.3616123813111246e-07
448,-0.027746511274211395,-0.091261406666501302,0.0049815141836528137,-1.1542969487921256e-06,-6.2517063805094112e-06,-3.060894056164696e-07
449,0.086500070364371795,0.014077736556280716,0.0049847697899582186,6.0756751516809792e-06,5.40390096095923e-07,-1.7890150912531482e-08
450,-0.0065626928166125408,-0.042676897352121615,0.013210383877698096,-2.4332840221641553e-06,-6.8066389960121386e-06,-9.9363695823877279e-07
451,-0.0016730627194596324,0.091820462887672191,0.012523697609401819,-4.4322979603388133e-06,9.7714925732007303e-06,1.9231633384822881e-06
452,0.0041064310108111027,-0.088010681110132244,0.0049810549562591981,1.3913544128789463e-06,-3.7355118819860546e-06,-1.0620658972434421e-08
453,0.0085746943704844737,-0.011005513985496139,0.0086165980111080811,9.5212190069521308e-07,-5.1147357972150249e-06,-6.9978004990349151e-06
454,0.065826146689983753,0.018114424246615933,0.0049724868324625294,1.402840723832776e-05,-9.3549158915706126e-07,1.7144852278564777e-06
455,-0.091557925520213107,0.0085551777094060363,0.0049860578519042003,-2.6329241473387575e-06,-3.8243042229086186e-07,4.88150865191794e-08
456,-0.070971052771275758,0.055947129279474324,0.0049855190976799205,-5.5257175223355726e-06,5.1377707675435543e-06,-2.9362558106431181e-09
457,-0.016042899592545394,-0.053356559137518265,0.0089761145641048291,-2.5975129079162241e-06,-7.2915915627193583e-06,-9.9842850503519083e-07
458,0.029735719272937836,0.029016623254491152,0.023164653678837882,-5.8222868813569341e-06,2.9192190759223543e-05,-1.7101442719316144e-05
459,-0.087728768175462407,0.022255862142166138,0.013191893386913922,-9.5246518319293314e-06,-1.4924824751664889e-06,5.6817826002230369e-07
460,0.014138189565667827,-0.048901931079156934,0.012791985040908227,3.033602591590472e-06,-7.6433910661829303e-06,5.2872707554298685e-07
461,-0.010427659388243962,-0.01428660286740095,0.0049660088458033059,-4.5613435441086161e-06,-3.9199389533088499e-06,-2.4019392816353924e-07
462,-0.012670065869736636,0.098564713920318792,0.0049829122552756105,2.5900778059955469e-06,5.703605538239299e-06,-8.8315441794691655e-07
463,0.05698233701044126,-0.023172188626625234,0.0049635155278583368,7.4588772603800408e-06,-3.2603744525025851e-06,2.531320450741716e-07
464,-0.066395711483421133,-0.025586552365297478,0.010284496123074922,-1.1328991810673978e-05,1.5715213769968561e-06,-1.0591725691309518e-06
465,0.00021627673374674739,0.082009023164245243,0.01267630688084995,-1.724850187287696e-06,1.0344375325266061e-05,-2.9733125784494235e-07
466,0.08217796196319925,-0.066375301201755915,0.0049865044624218795,1.0194612590625017e-29,-1.2903821335642094e-29,-4.1411972124388277e-14
467,0.03714276894513259,-0.021278864025405381,0.01863207130820985,9.339704504921604e-06,-8.1949104103293873e-07,-2.373803915940166e-07
468,0.086573978037926491,-0.0049894493714021824,0.0049794951971743849,6.7874095281292541e-06,-1.6895250349613238e-06,4.1591059234409758e-08
469,0.04525688645934587,-0.047910935522868285,0.0049675832632623228,2.0000590467584075e-06,-4.3881756596498298e-06,-2.476949779527907e-09
470,-0.052645768553308166,0.0061519553568088149,0.01291809060089937,-1.0285394764218824e-05,-3.4090188021169437e-07,4.9636747382801418e-07
471,-0.0002396970946972192,-0.062189934974710891,0.0091709938629706261,-1.8430294901183157e-07,-3.2308772718000879e-06,-2.4681703629373893e-07
472,0.031328654267259913,0.035007194379976951,0.013728642455434877,8.8577991388032847e-06,2.1198322135367713e-05,-1.7587577535539544e-06
473,-0.058595544745871919,0.019259458689020303,0.010258317113734722,-1.0111099688864274e-05,1.528568592209256e-06,-2.332973620143769e-06
474,-0.051159853413570489,-0.017434674020371202,0.0049671457246472399,-6.8097438129381452e-06,-3.595235901067783e-06,-4.8222236231156691e-07
475,0.063042689046352116,-0.033517868401019391,0.0049789481878797434,2.8809660749195157e-06,-3.6694122107493404e-06,-3.782493764547066e-09
476,-0.028819327517750581,0.020930950705707583,0.018996288368290339,-9.7286068782084761e-06,2.4684112221412476e-06,-6.2514062546204872e-06
477,-0.057296358752688771,-0.065482610604421496,0.0049804481325382123,-7.5830663247503235e-06,-7.7778233368840375e-06,8.9472955751851339e-07
478,-0.03170054942019003,-0.058637139636044625,0.012382103824339793,-2.6134027923732889e-06,-1.6986733380630882e-05,-9.2903745060242553e-07
479,0.025821791398157223,-0.091035919461198225,0.0049865044620838513,-1.235563108212715e-06,-4.9756132261096744e-06,2.8314249691354879e-13
480,-0.014898250858082386,-0.031144029955079124,0.014482922706549351,-2.8932282835455357e-06,-1.0678901644783207e-05,-1.2382338402459011e-06
481,-0.072034576431829422,0.046440079455709993,0.010107565049123805,-5.8547495300115026e-06,2.8709137965785099e-06,2.1530717350624258e-07
482,-0.024171699585377977,-0.075804876828012263,0.010436297109291585,-3.6499025546114792e-06,-4.8297235472844119e-07,-5.7998567457244548e-06
483,0.012104380244400133,0.039749756979486385,0.0088406362028148472,-4.9970815425170612e-06,9.2216270152788011e-06,-1.3138366474614818e-05
484,-0.028271560684640366,0.0094418863153687034,0.018631254916997492,-6.9237309760936615e-06,8.7873236880544918e-07,-3.1565541740944471e-06
485,0.025835184245145665,0.085959535340422943,0.004985809613875257,2.6810381028886919e-06,4.0770441726871002e-06,5.3691666317551961e-07
486,0.021274223237584419,0.039395865616678398,0.012775416573299843,-5.0556769995359777e-06,3.5503502164389554e-05,-1.841531259484869e-05
487,-0.086846622776235477,-0.0020733455139387395,0.0049809070622799691,-8.8780094529716496e-06,3.7064214318487936e-06,-1.8488325995697948e-07
488,-0.08130819109458437,-0.023803164988578696,0.0049842664369336874,-4.6360641672209846e-06,-1.1742451129415875e-06,-7.9846541700577592e-08
489,-0.01689059210147955,-0.0042663232804514119,0.014565905165522136,-5.7185923801946673e-06,-8.9984484141819443e-07,-2.8813205137694846e-07
490,0.0081966801938661762,-0.071333749979468036,0.011801249737912196,2.1033952965493847e-06,-4.5623932276919876e-06,1.0228180298831988e-06
491,-0.025252773736456201,-0.001015669851692147,0.0049667745656222784,-4.4729495306599097e-06,1.1748141955967204e-06,1.4983514272176903e-07
492,0.0049354861615709782,-0.019727319077563761,0.023695095645030435,-1.9829720602235563e-06,-2.8488055927191442e-06,-5.8362734308154004e-07
493,0.028502887389790739,0.025433997302882053,0.013923673958607356,9.1902502284885188e-06,1.9938738779586953e-05,-1.4912085027777043e-05
494,0.032653623708587882,0.030438959610979536,0.0049648271970927447,3.7315569654812486e-06,1.2468373202053787e-05,7.0839981874508135e-07
495,0.026598994904036218,-0.046869514682439613,0.012382029683755895,1.1957825974844342e-06,-4.1927967575238406e-06,5.9740903917245523e-07
496,-0.022425446728191779,-0.024583484559988541,0.011770045745506694,1.0782065750418846e-06,-6.6580519631548115e-06,-3.4740722755244612e-07
497,0.016281492361741944,0.0068485354062857761,0.013805763782427226,-3.6682615167346705e-06,3.5783530446834277e-07,-5.0746201640117614e-06
498,0.019613739542223882,0.010787656260793961,0.022357063676766861,1.0997949219049072e-05,1.0361247484931914e-05,-1.6052286717835144e-05
499,-0.027292675339382989,0.076617983520881602,0.010767175469034272,1.5182297369460674e-06,5.1722447988003075e-06,-3.0057007597901122e-07
500,0.079581297879458487,-0.056595651834316661,0.0049812426302960388,3.9525007273045639e-06,-3.2988668207465412e-06,-1.4040568406906316e-07
501,0.0010033242049133089,-0.0049819545785684625,0.02332735033854786,-5.7790715425317388e-08,-5.7787772130778092e-06,-6.791675760770367e-06
502,0.032679658563259044,0.044768955104954503,0.01211437398780363,1.8983684863199129e-05,2.0777431149245135e-05,3.9820041002223252e-06
503,-0.021328505106848202,-0.016597280777190748,0.0049661339544725975,-4.560529212780675e-06,5.390458738587974e-07,-5.0434137575442931e-07
504,0.033118649245628122,-0.045422174134833668,0.0049676296334828958,2.2142949779101454e-06,-4.6486431063296628e-06,4.9060670930927671e-07
505,0.094175653503073845,0.0062844002218207943,0.0049812816236310866,6.2887183723605614e-06,8.0799287811881726e-07,1.5390345511353408e-07
506,0.0063565915308045687,0.070305566673978095,0.011045044674395058,-2.304467939266222e-06,1.2112497277015886e-05,1.6524389360209238e-07
507,-0.018740910390194016,-0.08310452153565083,0.0049804410957665886,-4.116385136383503e-06,-2.5120460116090167e-06,-5.8392309306286197e-07
508,0.084796407502450669,0.034031068061244521,0.0049865044624218431,-6.8305773017492628e-44,6.0063165502623878e-42,5.5291789403859735e-14
509,-0.026873812397344952,-0.01703043880783453,0.016531500681726631,-1.1939915499186749e-06,-4.9155182421250802e-06,-6.2374551444228921e-06
510,0.060341182025190336,0.019477023179819388,0.013201716701197175,2.0249799495318255e-05,8.8618334202543827e-06,5.849387664569913e-06
511,0.063516460279833306,-0.050886188637963403,0.011622910370908599,4.196829734367004e-06,-1.4134589366268554e-06,-4.762657012563751e-07
512,-0.017806769201083414,-0.0039398340653399094,0.027924186510238102,-5.0517471597596326e-06,-2.3036430899330872e-08,-5.1815069276091324e-06
513,-0.039017482699916881,0.042686234087223163,0.012360516855971376,-1.0344147391887257e-05,5.2855538833062697e-06,-1.2105572050646883e-06
514,-0.0021534419565087458,-0.0394664090407012,0.021563176098806914,-2.0882043763506953e-06,-6.4368011918652066e-06,-7.4607382647399484e-07
515,-0.025023358279860276,0.0020612915225427129,0.024511938696593384,-6.6283889660164315e-06,-9.4459125135492676e-07,-5.414947038282899e-06
516,-0.042177502817359908,0.0058855476316187578,0.013599958483349559,-5.2956747356047844e-06,2.9013026671027948e-06,1.5652795719604179e-07
517,0.052097038050937183,0.017456726087550362,0.021109532214611572,1.312028442958383e-05,-1.0837103120398488e-05,5.1854679716674905e-07
518,-0.019770571669782029,-0.031206212757550693,0.023195099093196416,-3.0283297941774671e-06,-1.0108251186406556e-05,-1.0535325158943521e-06
519,0.047450363348451853,0.045263734744344385,0.011003544334819483,1.1421298965518594e-05,1.4213064002481303e-05,2.5797668465470474e-06
520,-0.00091385634720876434,0.0086164998438821323,0.028196376494613398,4.0115040340606548e-06,2.1093409535993856e-06,-8.5880965013388275e-06
521,0.05385347449788367,0.053916008238320184,0.017607867261808869,1.3794108909530046e-05,1.2086740008521597e-05,1.2946360756482722e-06
522,0.043366581417157463,-0.0047995606964155472,0.020142764681497963,1.497020153338786e-05,4.347161004025705e-06,-6.7782901243255367e-07
523,0.065007947455053311,-0.017509640181940598,0.016866589573126315,1.0899740394092324e-05,-5.4520790952181728e-06,9.7242889183111538e-07
524,0.044800310409736338,-0.027715794001102401,0.019684456369608555,5.3589146997174307e-06,-2.8050917339321361e-06,-8.1577239942443532e-07
525,0.043066233318166065,-0.046906539013461791,0.014642596460102084,5.5808950326860484e-06,-5.540863664238755e-06,1.1632919028154155e-06
526,0.024480964287771349,0.058928126390899858,0.016504448568937909,3.9168079996915866e-06,1.0559985049972948e-05,-3.0510542573932192e-06
527,-0.060663728417335104,-0.0097663144064167491,0.015241822207932436,-9.9404321482508978e-06,5.1158229104916695e-08,-5.2851505471672756e-06
528,0.0075410285219267457,0.039235726471643431,0.023864050826944681,-6.8661557298218814e-06,2.4018540172349016e-05,-5.7453062902508264e-06
529,0.022459687659594055,-0.034737933702158601,0.025212655980876443,7.8244142663756251e-06,2.8687897013560827e-06,-5.4898168827199547e-06
530,0.009860930817268021,-0.01503857582405228,0.031005481941992409,7.1033512633792611e-06,-4.5820654880631136e-07,-3.4028647514540454e-06
531,-0.013009889935918287,-0.027703176790758739,0.029660231846599258,-2.7746149328269464e-06,-7.746615634349082e-06,-1.6071463952190511e-06
532,-0.023501851125891458,-0.039320069895559619,0.018702935959118806,-2.3237803187844775e-06,-1.2716580293210355e-05,3.3337498907296667e-06
533,0.039147253990926043,0.10389928181449698,0.0049865044624218926,-4.8839871288344745e-319,-4.8840859419636427e-319,-7.5940506403299773e-14
534,-0.0091721007622874457,0.0086252689399876487,0.033808977351437744,1.9573572788276197e-06,1.2276254933334704e-05,-9.1144814143793448e-06
535,0.055887672591400886,-0.022875860413552138,0.018665980546983981,7.0264314596548751e-06,-5.9024473229933936e-07,-4.3540447241070496e-07
536,0.0099789907072792595,-0.03600663259665203,0.023407273180630041,3.456212942182263e-06,-4.8928712581958356e-06,-4.9815660474976251e-06
537,-0.015718819834622925,0.034655664038649767,0.024260258228143695,-9.7633872010368494e-06,8.0543063045462254e-06,-6.4056833688096053e-06
538,-0.01838835834836525,0.08057553812860288,0.012997562835656788,-4.9792502767713984e-08,1.040357115767313e-05,3.7538278116906443e-07
539,0.057598622652323572,-0.034762825988760439,0.013254456007321455,-4.1865621334243301e-06,2.6497036520268445e-06,-3.458962346518027e-06
540,-0.032116760680237472,-0.012880037293869212,0.023941855177614473,-7.2413433692519242e-06,-1.6827490650221556e-06,-1.2833235309656255e-05
541,-0.038686499979044442,0.005931433472960667,0.026733959629867316,-1.4015848949189476e-05,-7.177796769249334e-07,-1.5929834866359899e-05
542,0.063216890711437948,-0.026515788693220105,0.012935886127168884,5.0497379243355962e-06,-3.657464947987212e-06,-1.7074260866209191e-06
543,0.015006950334903084,0.021604575580390754,0.031638090532482135,1.2884788640935321e-05,3.5377304574548325e-05,-4.2499409455266209e-05
544,0.045359912057534681,0.027246805632528084,0.024286069083648432,7.1755075395997219e-06,1.1944275545945123e-05,-6.8380704407810653e-06
545,-0.0071314282626461362,0.038895608090944389,0.027953030081671545,-7.6676863536186553e-06,8.8294947032084276e-06,-3.2080246501814026e-06
546,0.060867399013092856,0.01270233159996955,0.020532586869307708,2.1319810665551703e-05,5.3291389126363717e-06,3.1136792629049614e-06
547,-0.041431509661360388,-0.027572468039880699,0.015720723728392873,-2.8308964639592647e-06,-7.097274864321303e-07,-7.132606511841521e-06
548,0.023739265860774569,0.015594314755651704,0.030085096416723283,9.123120923260431e-06,3.341341245633791e-05,-3.0229966277483864e-05
549,-0.018904288191355059,0.028289255156100264,0.03126190105685462,-1.795316953909633e-05,7.5640109611606561e-06,-1.0795474831789608e-05
550,0.035659843123864131,0.0012351049502212967,0.023103685427509266,-6.3840485745989902e-07,7.4378757951763912e-06,-1.2324236418019282e-05
551,0.031738473165844078,0.041333849736849441,0.021442855354156368,7.7734992570111278e-06,1.718593407048871e-05,3.392944200222917e-06
552,0.044055306882189026,0.076678288576286779,0.012617539053296371,3.1538788229283346e-06,6.3074658321535094e-06,-1.6027255862096129e-07
553,0.047398868608886362,-0.017271142757825157,0.017215950521478916,9.9275307735630761e-06,-2.5861284572945234e-06,5.8861602655183908e-07
554,0.038353226893646425,0.033567338618236964,0.02097855545849607,7.2684153555705559e-06,1.7888562889972611e-05,6.6496577955486812e-06
555,0.029667882242827022,-0.041618510207675312,0.025876443650124342,1.2700070955597805e-06,-3.3800335346916089e-06,-4.097527587137163e-06
556,-0.04347106968870966,0.037515923065428586,0.019647005374808513,-8.066534667073023e-06,4.1175474788009116e-06,-1.1791094669889619e-06
557,0.056341033826912523,-0.045756987025064325,0.016309859753606028,2.2984840602284328e-06,-5.2270656397296993e-06,7.9722866814137772e-07
558,-0.0078489354869909021,-0.046664997541981071,0.025511543474934943,-1.5157764454933401e-06,-7.838740298098246e-06,-2.1046756304718175e-06
559,-0.013826468282371449,0.01657777070751219,0.029939990147269883,1.9807481094991497e-05,1.6336485356760849e-05,-2.0659998442770986e-05
560,-0.020038783858238391,0.037333245578467726,0.015657970353133932,-3.9466381385146552e-06,3.3938334574196355e-06,-1.0594700579989306e-05
561,0.011739181332663556,-0.045797803333421649,0.024304415617240012,5.6638950988001089e-06,-5.5248140974554164e-06,-5.0960775820870644e-06
562,-0.054686495271782605,-0.071446203952392526,0.012559597345436137,-1.1526094427655085e-05,-8.3988839345403974e-06,3.2786892288119179e-06
563,-0.012036839276899058,0.059774075251858579,0.017606775551418895,-4.9465778529455699e-06,2.2703721916469793e-05,-5.4926908443107698e-06
564,-0.079388328094878946,-0.046942506714613197,0.010722623010359087,-5.6848807865470189e-06,-4.4370224827184941e-06,-5.2130014924588149e-07
565,0.014094012809548086,-0.0078202087639416308,0.036476263082033188,9.1810129150517599e-06,8.3983514715749903e-06,-9.3926296959211156e-06
566,0.029404198886613855,0.0085043534807809698,0.025910508460612887,1.9867666746726343e-05,3.1776057915232325e-05,-1.9410755305033906e-05
567,-0.02344044923449682,0.041136259706073333,0.024242472370437643,-2.5792387363768138e-06,7.5577497266716004e-06,-1.2659925493008924e-05
568,0.042282589540671857,-0.013507940399657997,0.024923326575504993,-2.5382394504168815e-06,1.8128809871007688e-06,-9.4315707496608578e-06
569,-0.034007035935700682,0.026058966409767282,0.025822873288887493,-7.3213751677917803e-06,4.5228705347729315e-06,-5.9414574652214872e-06
570,0.020941844137770577,0.032118489012375663,0.019583623507156468,3.448462867458472e-06,1.8985479848785667e-05,-4.6704746503469892e-05
571,0.053768873072851393,-0.0074576816650862715,0.016303734773894255,8.8628928208938638e-06,2.7307635929284897e-07,-7.4547657186091739e-06
572,-0.029777692707136486,-0.043822294377809268,0.02503798550168345,-8.1512974532831624e-06,-1.3255413961679232e-05,-2.7185699767986488e-06
573,-0.051404235027615271,0.031911848289664806,0.022006674086991501,-9.455012915538334e-06,7.598938131065887e-06,1.7892160274283409e-06
574,0.036564291305488335,0.05429567691604005,0.014218832222065643,1.3403927165801762e-05,1.1892449868800358e-05,-1.7657361763241949e-06
575,-0.043847304664323142,-0.00049787848300207247,0.021095670566678024,-1.6578733785321696e-05,-5.2451461738190788e-06,-8.1082338187511236e-06
576,0.015048796423490166,-0.055040698370425738,0.020621192915627834,2.3090355137695081e-06,-7.899121534575901e-06,6.684533330465029e-07
577,0.024541618276382075,-0.016255973996636541,0.018303762269672803,-4.0918002760661415e-06,3.8589104411556936e-06,-1.2056597662387479e-05
578,0.076192251495158028,-0.029868899875835908,0.010201130767865252,7.7430652762004422e-06,-6.3235805792362018e-06,1.5211184745382427e-06
579,0.0082309940541152784,-0.027668654780275165,0.028814144990803921,1.4614217349964825e-05,-9.2709012497927223e-06,-4.3946836150186635e-06
580,0.0054171494137726919,-0.04961391455878926,0.017587851325012279,2.9911362933947854e-06,-1.00894529560404e-05,6.404893218007424e-08
581,0.021361619953924667,0.023235104767094221,0.024107879984524107,1.3426603224064021e-05,2.4346776696706734e-05,-4.2149538590271007e-05
582,-0.035986418179156009,-0.031173455596314951,0.023280595513733373,-3.6534774466739036e-06,-1.9093708388466659e-06,-6.1216633263846456e-06
583,-0.029211237347258733,0.056726803112953861,0.012771709563473163,-6.5004433943764555e-06,8.3549848020209676e-06,-2.748106860830686e-06
584,-0.06615652016844141,-0.019297210181617681,0.018039848658792386,-1.1459009489257726e-05,3.4987081083868978e-06,-2.8327973189750739e-06
585,0.018310425893822761,0.054440659526563746,0.022958437643204418,5.5699645175278675e-06,1.0026197803386711e-05,-6.013374909141924e-06
586,-0.021888654403923555,-0.060316657397995112,0.013272283404007745,-1.8170718890787456e-06,-9.4805039232697394e-06,1.3821437062464187e-07
587,0.032366272038554224,-0.014565478332207501,0.024280001630192883,-1.0755166007877599e-06,5.358133113617253e-06,-1.7692869568464505e-05
588,-0.012292984058331426,-0.038756622676921489,0.020389258013801131,-4.1501621274247752e-06,-1.0496657885874219e-05,-4.655682094945418e-08
589,-0.044648410473440127,-0.044668846857190629,0.018036556092986138,-6.1707070951533257e-06,-4.666170244016653e-06,-2.7463969416576371e-06
590,-0.024991719600025067,0.020979219942951988,0.028216116488585779,-6.9964703709496821e-06,-1.3262194203227439e-06,-7.7139065747613762e-06
591,0.037013573970221494,-0.02809272147743146,0.025934321109396315,4.0995039082099622e-06,-3.1148155301712811e-06,-1.8527053331380397e-06
592,-0.016748249742949868,0.046213301016777696,0.018830868144186316,-2.6660626022561625e-06,4.3452602176396705e-06,-1.4592467310415042e-05
593,-0.0023919296953191704,0.072708457894034642,0.015225660145406026,-1.2029028640225687e-05,8.8345908149854669e-06,-1.8837545912039548e-05
594,-0.035622030311087051,0.053694538869144083,0.019808288820385721,3.0410871920926668e-06,-9.5432185637234484e-06,-1.2592621554728534e-06
595,-0.0071456366943227212,0.019237482283486238,0.036875417191067433,1.3508255221557936e-06,6.0203246855064853e-06,9.1800464073085088e-07
596,0.056662793317952438,-0.015796395188165901,0.011658467184223047,1.2765751052671387e-05,-1.8461082207383215e-06,-6.9013759706486565e-07
597,-0.0080818109687227184,-0.037434813521464771,0.029346607143943826,-2.5206877779371444e-06,-8.5506331962232098e-06,-8.1826799437703957e-07
598,0.015739477429332748,-0.015902409086954637,0.022983945520186354,-1.7084805349260797e-06,4.5420415751829765e-06,-9.1617564342029688e-06
599,-0.044289908001546564,-0.070602010132537849,0.012759557514635089,-2.6362316102665748e-06,-6.0794984109986907e-06,1.8724227250367394e-06
600,0.023638973244675055,-0.064077653117071642,0.018191098721776357,2.5849801011888087e-06,-8.5061422022979779e-06,1.3442254299138583e-06
601,-0.016885532714814352,-0.069034079110608257,0.013883885709705278,3.2386509339817432e-08,-5.6985412949769939e-06,7.4135670316947178e-07
602,-0.0060509357945563256,-0.0090716761347803283,0.029090199492466544,2.8285837432866849e-07,-3.034018926651572e-06,-3.386576876122369e-06
603,-0.018127902907020425,0.0074570448788056432,0.0295451570631091,5.7952756956466083e-07,1.3102992462455669e-05,-8.2527856571539668e-06
604,0.042830547428528438,0.013285997463562481,0.02554118216360211,1.3330652657465848e-05,-9.6410402978768888e-07,-2.1514733133836464e-05
605,-0.0035917424571517563,-0.028950823558756087,0.026571248384290896,-2.0888613811574351e-06,-7.3994228502410075e-06,2.4625464594551867e-08
606,0.0096819718649927711,0.053507474214647556,0.01800378145818856,3.7577476946894404e-06,1.471779560892029e-05,-3.1368192968237729e-06
607,-0.0015817492124158084,0.04457242982878426,0.021879692588141271,-7.5787332616276186e-06,8.0487476593189518e-06,-3.9522170327576938e-06
608,0.055149094040478901,0.0097140127584012404,0.012901254273998519,1.9365200415759684e-05,8.4241813286990544e-06,3.5524064228677224e-06
609,-0.035255169125369773,0.014718570084770148,0.023449107972128437,-6.014594773825484e-06,1.1576324864712464e-06,-2.8641258553841101e-06
610,-0.0047675363338437558,0.058802700427169119,0.010834839877389377,-4.8876995944501216e-06,1.0686232059473846e-05,-3.847660663632309e-06
611,-0.049051979983212028,0.020716780557791449,0.023622379056282131,-9.3353867380185284e-06,2.6136988369814851e-06,-2.0678800001540287e-06
612,-0.023192932172760909,0.059128377002100732,0.020375279668976419,-1.2462373706190791e-06,6.0993140510413293e-07,-3.1625183322325353e-06
613,0.0020257910061093295,0.010717050491002996,0.037506927559705479,3.8391197216303595e-06,2.2013309881937247e-05,-1.2546884063305272e-05
614,0.026564930768503879,0.049370841964314689,0.018526834015260868,2.1377401990604251e-07,9.7940132022386015e-06,-4.2734344741062365e-06
615,0.042025115992923405,0.0041906543267549359,0.016002105449435183,9.1029225146528302e-06,7.0747975244925043e-07,-8.3444837914930609e-06
616,-0.026117284238974421,0.049657901016249124,0.019099579433037809,-3.5347254885292164e-06,2.6062502107462309e-06,-9.7205241126695937e-06
617,0.0023683380674509821,-0.036265645355620414,0.029870073906965385,4.0842538314346024e-06,-5.2579558092313776e-06,-4.0259081858743754e-06
618,-0.027295203241494811,0.0112565012666075,0.028396807658006444,-6.8488738856303439e-06,-8.979917570252837e-07,-3.175735196805988e-06
619,0.016425988179797436,0.0010100257799579961,0.031403590909274554,7.408188356166842e-06,1.5275263075316365e-05,-3.4192609525722871e-05
620,-0.024730166160489717,-0.010741974207341061,0.030319746123895163,-1.4527224264315301e-05,7.9671442103499487e-06,-6.6553336285206932e-06
621,0.046291959314444048,-0.034425229096239483,0.012425034828499479,6.7962798684848441e-06,-4.2927824893767544e-06,-2.5182829780779977e-07
622,0.0011687529654260283,0.050073831723529375,0.014009664947468132,-3.9266212902901162e-06,1.095626293565527e-05,-7.0958657559328385e-07
623,-0.068060009950705838,-0.0058616201526992548,0.020707377950743445,-5.9747184230602462e-06,2.8852165611722384e-06,-2.1727376766284538e-06
624,-0.04984971033924529,-0.032651634278880293,0.017607798821984127,-6.2163313496075829e-06,-4.665435534426408e-06,-2.9521484823204427e-06
625,-0.02560696581860513,-0.067896635868059135,0.018615291738403063,-3.692568758726407e-06,-1.2905312034129586e-05,-5.0018853696108159e-06
626,-0.016672169289894956,-0.062559495491270795,0.021493078969878988,-5.2343747246021833e-07,-4.6351136010842073e-06,1.0260155645482292e-07
627,-0.035081811996617952,-0.0032328680475624252,0.025033970485493079,-1.5324210475394842e-05,-3.0143078885249011e-06,-7.5428448146524815e-06
628,-0.070516866194965763,-0.03901820435427264,0.010790244995927296,-5.613905862387554e-06,-8.5831092888383981e-06,-7.2281013603738932e-07
629,-0.0090871485495704583,0.026279755253831683,0.030055676616914866,-1.1913656298084395e-05,-2.3505273760838211e-06,-4.2820038569077485e-06
630,0.019469109621467109,0.031478392953739685,0.029436917166864345,7.6751890741959583e-06,2.7486177026766673e-05,-5.0486604385430406e-05
631,-0.0088032529557896776,0.050405563448696303,0.014448682197380616,-2.4903470543425748e-06,1.0002777126222853e-05,-1.762098114879739e-06
632,0.04137454218928726,-0.038656859292154469,0.020022604718381472,7.6633390245411618e-06,-3.8646498500426519e-06,1.652826067931687e-07
633,-0.049753715462195522,-0.019786921159158671,0.018639406981891388,-4.5335621124762941e-06,-2.0911116000598369e-06,-4.6326771052969113e-06
634,0.050447094264856121,0.067682393525214324,0.013028725173092587,8.2308739882122321e-06,1.7304620172295302e-05,6.7778453405680161e-07
635,-0.019510980881671358,0.015641911906959478,0.021790702644018303,-2.8235211367406399e-06,-3.8435909524094525e-06,-2.3814748549541356e-06
636,-0.032309345057030765,0.041839924190785929,0.019698047771297807,-5.4877828258398248e-06,4.6129316082593825e-06,-6.6816184312146934e-06
637,0.001809431760789461,0.036112981257602372,0.031424517895240575,-7.8418763664297255e-06,5.8025504274394661e-06,-1.1705760519309078e-05
638,0.024055643970025891,-0.019057273437205726,0.027875784876686228,1.3941664372722317e-05,5.6690851667004491e-06,-1.059257836740578e-05
639,-0.036401659701514877,0.035747357048552399,0.026482808696385911,-5.1391040167737026e-06,6.9639021620341849e-06,-3.8421314505564646e-06
640,0.0014473620749747764,-0.067000403683465923,0.01775831162528255,7.9381917549171366e-07,-4.7077848268289893e-06,-8.9672919320163942e-07
641,-0.011136309096638973,-0.06088745486251259,0.013345643374835115,-7.5600857755316337e-07,-4.8037804785593977e-06,-2.5597343417974494e-07
642,0.049843513079483884,0.0077181991159662048,0.021113684985041414,1.4214473714047999e-05,-1.3189156869002272e-05,-4.6042210112199279e-06
643,-0.047849353213989268,0.0092423119142515525,0.021111405636321006,-9.4448580649086752e-06,3.9976698857762609e-07,-1.5813975246010901e-06
644,-0.020085853920331166,-0.050281462469733612,0.02060641648121915,-2.2177614721761242e-06,-1.4364824941375051e-05,-1.7266007625820004e-07
645,0.072899689006676205,-0.054298409349184514,0.012039997993871402,4.0267147467236472e-06,-2.7067433660730983e-06,-1.5906912185734342e-07
646,-0.032890948363420242,0.032040853969053248,0.017896820589403239,-1.177517906789184e-05,5.3403540005785495e-06,-6.0653358734293544e-06
647,-0.028410155135543104,-0.048345492531875603,0.010781917621704992,-6.3142608296468638e-06,-7.10936275122778e-06,-3.724116391808633e-06
648,0.032749847229833977,0.020334591808105203,0.027095070549833178,1.0960330073121106e-05,2.9863131882591275e-05,-3.3123930147577641e-05
649,0.085484522023017567,0.024020791283362871,0.0049833799128732948,5.2355691433925742e-06,-1.2759483928010408e-07,4.3933079626942353e-07
650,0.020842648933086669,-0.048029024102629894,0.027757719304932801,6.5514200254961519e-06,1.9647286787495065e-06,-2.610585995262245e-06
651,0.0098118269664690793,0.030141432127036159,0.03164595585681855,1.2059005580031301e-05,3.3280206596326181e-05,-2.3582950298601361e-05
652,-0.0043442349888340682,-0.073681221334124455,0.013097830900037776,1.9371945194316495e-07,-5.2292173931173934e-06,-2.7237816253392358e-07
653,-0.029820613044021935,-0.052409213020497412,0.019942322298041007,-3.1824899071623418e-06,-9.3036458026904895e-06,-8.4408769073307072e-06
654,0.020680910456603849,-0.0097451688872005407,0.029213615763411901,9.0980751443313278e-06,8.0398787647990709e-06,-1.295446214158821e-05
655,-0.010757597763856408,-0.051370428442415565,0.017197908721448017,-1.3668240348580274e-06,-1.1345970386694522e-05,-2.8120572184550623e-07
656,0.0019321225954631429,-0.00016486058802013006,0.032025208846365269,1.484182279508187e-05,4.6217728931990665e-06,-1.3259724372325844e-05
