step,x1,y1,z1,vx1,vy1,vz1,omegax1,omegay1,omegaz1,x2,y2,z2,vx2,vy2,vz2,omegax2,omegay2,omegaz2
0,-0.0060000000000000001,0,0,1,0.5,0,0,0,0,0.0060000000000000001,0,0,-1,-0.5,0,0,0,0
10,-0.0059899999999999988,5.0000000000000004e-06,0,1,0.5,0,0,0,0,0.0059899999999999988,-5.0000000000000004e-06,0,-1,-0.5,0,0,0,0
20,-0.0059799999999999975,1.0000000000000003e-05,0,1,0.5,0,0,0,0,0.0059799999999999975,-1.0000000000000003e-05,0,-1,-0.5,0,0,0,0
30,-0.0059699999999999961,1.5000000000000005e-05,0,1,0.5,0,0,0,0,0.0059699999999999961,-1.5000000000000005e-05,0,-1,-0.5,0,0,0,0
40,-0.0059599999999999948,1.9999999999999991e-05,0,1,0.5,0,0,0,0,0.0059599999999999948,-1.9999999999999991e-05,0,-1,-0.5,0,0,0,0
50,-0.0059499999999999935,2.4999999999999977e-05,0,1,0.5,0,0,0,0,0.0059499999999999935,-2.4999999999999977e-05,0,-1,-0.5,0,0,0,0
60,-0.0059399999999999922,2.9999999999999963e-05,0,1,0.5,0,0,0,0,0.0059399999999999922,-2.9999999999999963e-05,0,-1,-0.5,0,0,0,0
70,-0.0059299999999999908,3.499999999999995e-05,0,1,0.5,0,0,0,0,0.0059299999999999908,-3.499999999999995e-05,0,-1,-0.5,0,0,0,0
80,-0.0059199999999999895,3.9999999999999936e-05,0,1,0.5,0,0,0,0,0.0059199999999999895,-3.9999999999999936e-05,0,-1,-0.5,0,0,0,0
90,-0.0059099999999999882,4.4999999999999922e-05,0,1,0.5,0,0,0,0,0.0059099999999999882,-4.4999999999999922e-05,0,-1,-0.5,0,0,0,0
100,-0.0058999999999999869,4.9999999999999908e-05,0,1,0.5,0,0,0,0,0.0058999999999999869,-4.9999999999999908e-05,0,-1,-0.5,0,0,0,0
110,-0.0058899999999999855,5.4999999999999894e-05,0,1,0.5,0,0,0,0,0.0058899999999999855,-5.4999999999999894e-05,0,-1,-0.5,0,0,0,0
120,-0.0058799999999999842,5.999999999999988e-05,0,1,0.5,0,0,0,0,0.0058799999999999842,-5.999999999999988e-05,0,-1,-0.5,0,0,0,0
130,-0.0058699999999999829,6.4999999999999872e-05,0,1,0.5,0,0,0,0,0.0058699999999999829,-6.4999999999999872e-05,0,-1,-0.5,0,0,0,0
140,-0.0058599999999999815,6.9999999999999858e-05,0,1,0.5,0,0,0,0,0.0058599999999999815,-6.9999999999999858e-05,0,-1,-0.5,0,0,0,0
150,-0.0058499999999999802,7.4999999999999844e-05,0,1,0.5,0,0,0,0,0.0058499999999999802,-7.4999999999999844e-05,0,-1,-0.5,0,0,0,0
160,-0.0058399999999999789,7.999999999999983e-05,0,1,0.5,0,0,0,0,0.0058399999999999789,-7.999999999999983e-05,0,-1,-0.5,0,0,0,0
170,-0.0058299999999999776,8.4999999999999816e-05,0,1,0.5,0,0,0,0,0.0058299999999999776,-8.4999999999999816e-05,0,-1,-0.5,0,0,0,0
180,-0.0058199999999999762,8.9999999999999802e-05,0,1,0.5,0,0,0,0,0.0058199999999999762,-8.9999999999999802e-05,0,-1,-0.5,0,0,0,0
190,-0.0058099999999999749,9.4999999999999788e-05,0,1,0.5,0,0,0,0,0.0058099999999999749,-9.4999999999999788e-05,0,-1,-0.5,0,0,0,0
200,-0.0057999999999999736,9.9999999999999774e-05,0,1,0.5,0,0,0,0,0.0057999999999999736,-9.9999999999999774e-05,0,-1,-0.5,0,0,0,0
210,-0.0057899999999999723,0.00010499999999999976,0,1,0.5,0,0,0,0,0.0057899999999999723,-0.00010499999999999976,0,-1,-0.5,0,0,0,0
220,-0.0057799999999999709,0.00010999999999999975,0,1,0.5,0,0,0,0,0.0057799999999999709,-0.00010999999999999975,0,-1,-0.5,0,0,0,0
230,-0.0057699999999999696,0.00011499999999999973,0,1,0.5,0,0,0,0,0.0057699999999999696,-0.00011499999999999973,0,-1,-0.5,0,0,0,0
240,-0.0057599999999999683,0.00011999999999999972,0,1,0.5,0,0,0,0,0.0057599999999999683,-0.00011999999999999972,0,-1,-0.5,0,0,0,0
250,-0.0057499999999999669,0.00012499999999999979,0,1,0.5,0,0,0,0,0.0057499999999999669,-0.00012499999999999979,0,-1,-0.5,0,0,0,0
260,-0.0057399999999999656,0.00012999999999999991,0,1,0.5,0,0,0,0,0.0057399999999999656,-0.00012999999999999991,0,-1,-0.5,0,0,0,0
270,-0.0057299999999999643,0.00013500000000000003,0,1,0.5,0,0,0,0,0.0057299999999999643,-0.00013500000000000003,0,-1,-0.5,0,0,0,0
280,-0.005719999999999963,0.00014000000000000015,0,1,0.5,0,0,0,0,0.005719999999999963,-0.00014000000000000015,0,-1,-0.5,0,0,0,0
290,-0.0057099999999999616,0.00014500000000000027,0,1,0.5,0,0,0,0,0.0057099999999999616,-0.00014500000000000027,0,-1,-0.5,0,0,0,0
300,-0.0056999999999999603,0.00015000000000000039,0,1,0.5,0,0,0,0,0.0056999999999999603,-0.00015000000000000039,0,-1,-0.5,0,0,0,0
310,-0.005689999999999959,0.00015500000000000051,0,1,0.5,0,0,0,0,0.005689999999999959,-0.00015500000000000051,0,-1,-0.5,0,0,0,0
320,-0.0056799999999999577,0.00016000000000000064,0,1,0.5,0,0,0,0,0.0056799999999999577,-0.00016000000000000064,0,-1,-0.5,0,0,0,0
330,-0.0056699999999999563,0.00016500000000000076,0,1,0.5,0,0,0,0,0.0056699999999999563,-0.00016500000000000076,0,-1,-0.5,0,0,0,0
340,-0.005659999999999955,0.00017000000000000088,0,1,0.5,0,0,0,0,0.005659999999999955,-0.00017000000000000088,0,-1,-0.5,0,0,0,0
350,-0.0056499999999999537,0.000175000000000001,0,1,0.5,0,0,0,0,0.0056499999999999537,-0.000175000000000001,0,-1,-0.5,0,0,0,0
360,-0.0056399999999999523,0.00018000000000000112,0,1,0.5,0,0,0,0,0.0056399999999999523,-0.00018000000000000112,0,-1,-0.5,0,0,0,0
370,-0.005629999999999951,0.00018500000000000124,0,1,0.5,0,0,0,0,0.005629999999999951,-0.00018500000000000124,0,-1,-0.5,0,0,0,0
380,-0.0056199999999999497,0.00019000000000000137,0,1,0.5,0,0,0,0,0.0056199999999999497,-0.00019000000000000137,0,-1,-0.5,0,0,0,0
390,-0.0056099999999999484,0.00019500000000000149,0,1,0.5,0,0,0,0,0.0056099999999999484,-0.00019500000000000149,0,-1,-0.5,0,0,0,0
400,-0.005599999999999947,0.00020000000000000161,0,1,0.5,0,0,0,0,0.005599999999999947,-0.00020000000000000161,0,-1,-0.5,0,0,0,0
410,-0.0055899999999999457,0.00020500000000000173,0,1,0.5,0,0,0,0,0.0055899999999999457,-0.00020500000000000173,0,-1,-0.5,0,0,0,0
420,-0.0055799999999999444,0.00021000000000000185,0,1,0.5,0,0,0,0,0.0055799999999999444,-0.00021000000000000185,0,-1,-0.5,0,0,0,0
430,-0.0055699999999999431,0.00021500000000000197,0,1,0.5,0,0,0,0,0.0055699999999999431,-0.00021500000000000197,0,-1,-0.5,0,0,0,0
440,-0.0055599999999999417,0.00022000000000000209,0,1,0.5,0,0,0,0,0.0055599999999999417,-0.00022000000000000209,0,-1,-0.5,0,0,0,0
450,-0.0055499999999999404,0.00022500000000000222,0,1,0.5,0,0,0,0,0.0055499999999999404,-0.00022500000000000222,0,-1,-0.5,0,0,0,0
460,-0.0055399999999999391,0.00023000000000000234,0,1,0.5,0,0,0,0,0.0055399999999999391,-0.00023000000000000234,0,-1,-0.5,0,0,0,0
470,-0.0055299999999999377,0.00023500000000000246,0,1,0.5,0,0,0,0,0.0055299999999999377,-0.00023500000000000246,0,-1,-0.5,0,0,0,0
480,-0.0055199999999999364,0.00024000000000000258,0,1,0.5,0,0,0,0,0.0055199999999999364,-0.00024000000000000258,0,-1,-0.5,0,0,0,0
490,-0.0055099999999999351,0.0002450000000000027,0,1,0.5,0,0,0,0,0.0055099999999999351,-0.0002450000000000027,0,-1,-0.5,0,0,0,0
500,-0.0054999999999999338,0.00025000000000000282,0,1,0.5,0,0,0,0,0.0054999999999999338,-0.00025000000000000282,0,-1,-0.5,0,0,0,0
510,-0.0054899999999999324,0.00025500000000000295,0,1,0.5,0,0,0,0,0.0054899999999999324,-0.00025500000000000295,0,-1,-0.5,0,0,0,0
520,-0.0054799999999999311,0.00026000000000000307,0,1,0.5,0,0,0,0,0.0054799999999999311,-0.00026000000000000307,0,-1,-0.5,0,0,0,0
530,-0.0054699999999999298,0.00026500000000000319,0,1,0.5,0,0,0,0,0.0054699999999999298,-0.00026500000000000319,0,-1,-0.5,0,0,0,0
540,-0.0054599999999999285,0.00027000000000000331,0,1,0.5,0,0,0,0,0.0054599999999999285,-0.00027000000000000331,0,-1,-0.5,0,0,0,0
550,-0.0054499999999999271,0.00027500000000000343,0,1,0.5,0,0,0,0,0.0054499999999999271,-0.00027500000000000343,0,-1,-0.5,0,0,0,0
560,-0.0054399999999999258,0.00028000000000000355,0,1,0.5,0,0,0,0,0.0054399999999999258,-0.00028000000000000355,0,-1,-0.5,0,0,0,0
570,-0.0054299999999999245,0.00028500000000000367,0,1,0.5,0,0,0,0,0.0054299999999999245,-0.00028500000000000367,0,-1,-0.5,0,0,0,0
580,-0.0054199999999999231,0.0002900000000000038,0,1,0.5,0,0,0,0,0.0054199999999999231,-0.0002900000000000038,0,-1,-0.5,0,0,0,0
590,-0.0054099999999999218,0.00029500000000000392,0,1,0.5,0,0,0,0,0.0054099999999999218,-0.00029500000000000392,0,-1,-0.5,0,0,0,0
600,-0.0053999999999999205,0.00030000000000000404,0,1,0.5,0,0,0,0,0.0053999999999999205,-0.00030000000000000404,0,-1,-0.5,0,0,0,0
610,-0.0053899999999999192,0.00030500000000000416,0,1,0.5,0,0,0,0,0.0053899999999999192,-0.00030500000000000416,0,-1,-0.5,0,0,0,0
620,-0.0053799999999999178,0.00031000000000000428,0,1,0.5,0,0,0,0,0.0053799999999999178,-0.00031000000000000428,0,-1,-0.5,0,0,0,0
630,-0.0053699999999999165,0.0003150000000000044,0,1,0.5,0,0,0,0,0.0053699999999999165,-0.0003150000000000044,0,-1,-0.5,0,0,0,0
640,-0.0053599999999999152,0.00032000000000000453,0,1,0.5,0,0,0,0,0.0053599999999999152,-0.00032000000000000453,0,-1,-0.5,0,0,0,0
650,-0.0053499999999999139,0.00032500000000000465,0,1,0.5,0,0,0,0,0.0053499999999999139,-0.00032500000000000465,0,-1,-0.5,0,0,0,0
660,-0.0053399999999999125,0.00033000000000000477,0,1,0.5,0,0,0,0,0.0053399999999999125,-0.00033000000000000477,0,-1,-0.5,0,0,0,0
670,-0.0053299999999999112,0.00033500000000000489,0,1,0.5,0,0,0,0,0.0053299999999999112,-0.00033500000000000489,0,-1,-0.5,0,0,0,0
680,-0.0053199999999999099,0.00034000000000000501,0,1,0.5,0,0,0,0,0.0053199999999999099,-0.00034000000000000501,0,-1,-0.5,0,0,0,0
690,-0.0053099999999999085,0.00034500000000000513,0,1,0.5,0,0,0,0,0.0053099999999999085,-0.00034500000000000513,0,-1,-0.5,0,0,0,0
700,-0.0052999999999999072,0.00035000000000000525,0,1,0.5,0,0,0,0,0.0052999999999999072,-0.00035000000000000525,0,-1,-0.5,0,0,0,0
710,-0.0052899999999999059,0.00035500000000000538,0,1,0.5,0,0,0,0,0.0052899999999999059,-0.00035500000000000538,0,-1,-0.5,0,0,0,0
720,-0.0052799999999999046,0.0003600000000000055,0,1,0.5,0,0,0,0,0.0052799999999999046,-0.0003600000000000055,0,-1,-0.5,0,0,0,0
730,-0.0052699999999999032,0.00036500000000000562,0,1,0.5,0,0,0,0,0.0052699999999999032,-0.00036500000000000562,0,-1,-0.5,0,0,0,0
740,-0.0052599999999999019,0.00037000000000000574,0,1,0.5,0,0,0,0,0.0052599999999999019,-0.00037000000000000574,0,-1,-0.5,0,0,0,0
750,-0.0052499999999999006,0.00037500000000000586,0,1,0.5,0,0,0,0,0.0052499999999999006,-0.00037500000000000586,0,-1,-0.5,0,0,0,0
760,-0.0052399999999998993,0.00038000000000000598,0,1,0.5,0,0,0,0,0.0052399999999998993,-0.00038000000000000598,0,-1,-0.5,0,0,0,0
770,-0.0052299999999998979,0.00038500000000000611,0,1,0.5,0,0,0,0,0.0052299999999998979,-0.00038500000000000611,0,-1,-0.5,0,0,0,0
780,-0.0052199999999998966,0.00039000000000000623,0,1,0.5,0,0,0,0,0.0052199999999998966,-0.00039000000000000623,0,-1,-0.5,0,0,0,0
790,-0.0052099999999998953,0.00039500000000000635,0,1,0.5,0,0,0,0,0.0052099999999998953,-0.00039500000000000635,0,-1,-0.5,0,0,0,0
800,-0.0051999999999998939,0.00040000000000000647,0,1,0.5,0,0,0,0,0.0051999999999998939,-0.00040000000000000647,0,-1,-0.5,0,0,0,0
810,-0.0051899999999998926,0.00040500000000000659,0,1,0.5,0,0,0,0,0.0051899999999998926,-0.00040500000000000659,0,-1,-0.5,0,0,0,0
820,-0.0051799999999998913,0.00041000000000000671,0,1,0.5,0,0,0,0,0.0051799999999998913,-0.00041000000000000671,0,-1,-0.5,0,0,0,0
830,-0.00516999999999989,0.00041500000000000683,0,1,0.5,0,0,0,0,0.00516999999999989,-0.00041500000000000683,0,-1,-0.5,0,0,0,0
840,-0.0051599999999998886,0.00042000000000000696,0,1,0.5,0,0,0,0,0.0051599999999998886,-0.00042000000000000696,0,-1,-0.5,0,0,0,0
850,-0.0051499999999998873,0.00042500000000000708,0,1,0.5,0,0,0,0,0.0051499999999998873,-0.00042500000000000708,0,-1,-0.5,0,0,0,0
860,-0.005139999999999886,0.0004300000000000072,0,1,0.5,0,0,0,0,0.005139999999999886,-0.0004300000000000072,0,-1,-0.5,0,0,0,0
870,-0.0051299999999998847,0.00043500000000000732,0,1,0.5,0,0,0,0,0.0051299999999998847,-0.00043500000000000732,0,-1,-0.5,0,0,0,0
880,-0.0051199999999998833,0.00044000000000000744,0,1,0.5,0,0,0,0,0.0051199999999998833,-0.00044000000000000744,0,-1,-0.5,0,0,0,0
890,-0.005109999999999882,0.00044500000000000756,0,1,0.5,0,0,0,0,0.005109999999999882,-0.00044500000000000756,0,-1,-0.5,0,0,0,0
900,-0.0050999999999998807,0.00045000000000000769,0,1,0.5,0,0,0,0,0.0050999999999998807,-0.00045000000000000769,0,-1,-0.5,0,0,0,0
910,-0.0050899999999998793,0.00045500000000000781,0,1,0.5,0,0,0,0,0.0050899999999998793,-0.00045500000000000781,0,-1,-0.5,0,0,0,0
920,-0.005079999999999878,0.00046000000000000793,0,1,0.5,0,0,0,0,0.005079999999999878,-0.00046000000000000793,0,-1,-0.5,0,0,0,0
930,-0.0050699999999998767,0.00046500000000000805,0,1,0.5,0,0,0,0,0.0050699999999998767,-0.00046500000000000805,0,-1,-0.5,0,0,0,0
940,-0.0050599999999998754,0.00047000000000000817,0,1,0.5,0,0,0,0,0.0050599999999998754,-0.00047000000000000817,0,-1,-0.5,0,0,0,0
950,-0.005049999999999874,0.00047500000000000829,0,1,0.5,0,0,0,0,0.005049999999999874,-0.00047500000000000829,0,-1,-0.5,0,0,0,0
960,-0.0050399999999998727,0.00048000000000000841,0,1,0.5,0,0,0,0,0.0050399999999998727,-0.00048000000000000841,0,-1,-0.5,0,0,0,0
970,-0.0050299999999998714,0.00048500000000000854,0,1,0.5,0,0,0,0,0.0050299999999998714,-0.00048500000000000854,0,-1,-0.5,0,0,0,0
980,-0.0050199999999998701,0.00049000000000000844,0,1,0.5,0,0,0,0,0.0050199999999998701,-0.00049000000000000844,0,-1,-0.5,0,0,0,0
990,-0.0050099999999998687,0.00049500000000000802,0,1,0.5,0,0,0,0,0.0050099999999998687,-0.00049500000000000802,0,-1,-0.5,0,0,0,0
1000,-0.0049999999999998674,0.0005000000000000076,0,1,0.5,0,0,0,0,0.0049999999999998674,-0.0005000000000000076,0,-1,-0.5,0,0,0,0
1010,-0.0049899999999998661,0.00050500000000000718,0,1,0.5,0,0,0,0,0.0049899999999998661,-0.00050500000000000718,0,-1,-0.5,0,0,0,0
1020,-0.0049799999999998647,0.00051000000000000676,0,1,0.5,0,0,0,0,0.0049799999999998647,-0.00051000000000000676,0,-1,-0.5,0,0,0,0
1030,-0.0049700004092639704,0.00051499981415862792,0,0.99973348340113932,0.49987836076566922,0,0,0,-0.074178425261572561,0.0049700004092639704,-0.00051499981415862792,0,-0.99973348340113932,-0.49987836076566922,0,0,0,-0.074178425261572561
1040,-0.0049600090444310097,0.00051999576809629402,0,0.99842377212715394,0.49924988617327198,0,0,0,-0.45399128765003166,0.0049600090444310097,-0.00051999576809629402,0,-0.99842377212715394,-0.49924988617327198,0,0,0,-0.45399128765003166
1050,-0.0049500341280831212,0.00052498357645756964,0,0.99644344502597249,0.49824491619650818,0,0,0,-1.0554217175873206,0.0049500341280831212,-0.00052498357645756964,0,-0.99644344502597249,-0.49824491619650818,0,0,0,-1.0554217175873206
1060,-0.0049400825331204689,0.00052995929336376469,0,0.99374828603400456,0.49682391227766104,0,0,0,-1.9002729472456885,0.0049400825331204689,-0.00052995929336376469,0,-0.99374828603400456,-0.49682391227766104,0,0,0,-1.9002729472456885
1070,-0.0049301617474386272,0.00053491853801493458,0,0.9902698613124209,0.49494351935668507,0,0,0,-3.0134687271469378,0.0049301617474386272,-0.00053491853801493458,0,-0.9902698613124209,-0.49494351935668507,0,0,0,-3.0134687271469378
1080,-0.0049202799425378009,0.00053985652286973689,0,0.98594112173782777,0.49256612368800429,0,0,0,-4.4170035508586487,0.0049202799425378009,-0.00053985652286973689,0,-0.98594112173782777,-0.49256612368800429,0,0,0,-4.4170035508586487
1090,-0.0049104454487928651,0.00054477254165244263,0,0.98080669193914305,0.49062659620118337,0,0,0,-5.6488309189692636,0.0049104454487928651,-0.00054477254165244263,0,-0.98080669193914305,-0.49062659620118337,0,0,0,-5.6488309189692636
1100,-0.0049006669233747826,0.00054966793200160295,0,0.97473357922287018,0.48839224795614655,0,0,0,-7.0772474064641679,0.0049006669233747826,-0.00054966793200160295,0,-0.97473357922287018,-0.48839224795614655,0,0,0,-7.0772474064641679
1110,-0.0048909540560004841,0.00055453921212836332,0,0.96766707128363827,0.48580206719800817,0,0,0,-8.7355073712232407,0.0048909540560004841,-0.00055453921212836332,0,-0.96766707128363827,-0.48580206719800817,0,0,0,-8.7355073712232407
1120,-0.0048813170078179811,0.00055938275400958955,0,0.95956259453770187,0.48284245922609065,0,0,0,-10.633012490587641,0.0048813170078179811,-0.00055938275400958955,0,-0.95956259453770187,-0.48284245922609065,0,0,0,-10.633012490587641
1130,-0.0048717663604735091,0.00056419480368263386,0,0.95038060113137635,0.47950181710901907,0,0,0,-12.777938094319916,0.0048717663604735091,-0.00056419480368263386,0,-0.95038060113137635,-0.47950181710901907,0,0,0,-12.777938094319916
1140,-0.0048623130664486773,0.00056897150073676719,0,0.94008645494106602,0.47577044627234938,0,0,0,-15.17727413696511,0.0048623130664486773,-0.00056897150073676719,0,-0.94008645494106602,-0.47577044627234938,0,0,0,-15.17727413696511
1150,-0.0048529684003935968,0.00057370889710447483,0,0.92865034614562469,0.47164049977914646,0,0,0,-17.836859234300299,0.0048529684003935968,-0.00057370889710447483,0,-0.92865034614562469,-0.47164049977914646,0,0,0,-17.836859234300299
1160,-0.0048437439111858232,0.00057840297525337111,0,0.91604723055313364,0.46710592282185692,0,0,0,-20.761408682819098,0.0048437439111858232,-0.00057840297525337111,0,-0.91604723055313364,-0.46710592282185692,0,0,0,-20.761408682819098
1170,-0.0048346513744967692,0.00058304966586000633,0,0.90225678773749785,0.46216240422884858,0,0,0,-23.954537854393344,0.0048346513744967692,-0.00058304966586000633,0,-0.90225678773749785,-0.46216240422884858,0,0,0,-23.954537854393344
1180,-0.0048257027457076001,0.00058764486502486414,0,0.88726339204104487,0.4568073328559713,0,0,0,-27.41878233200493,0.0048257027457076001,-0.00058764486502486414,0,-0.88726339204104487,-0.4568073328559713,0,0,0,-27.41878233200493
1190,-0.0048169101130731079,0.0005921844510679324,0,0.87105609113737792,0.45103975702564392,0,0,0,-31.155615980550976,0.0048169101130731079,-0.0005921844510679324,0,-0.87105609113737792,-0.45103975702564392,0,0,0,-31.155615980550976
1200,-0.0048082856510813388,0.00059666430092750146,0,0.85362858761001137,0.44486034550296721,0,0,0,-35.165467950487624,0.0048082856510813388,-0.00059666430092750146,0,-0.85362858761001137,-0.44486034550296721,0,0,0,-35.165467950487624
1210,-0.0047998415739985275,0.0006010803061712685,0,0.83497921971770162,0.43827134879859619,0,0,0,-39.44773943094637,0.0047998415739985275,-0.0006010803061712685,0,-0.83497921971770162,-0.43827134879859619,0,0,0,-39.44773943094637
1220,-0.0047915900896239776,0.00060542838861805546,0,0.81511093814182867,0.43127655984610086,0,0,0,-44.000820813008055,0.0047915900896239776,-0.00060542838861805546,0,-0.81511093814182867,-0.43127655984610086,0,0,0,-44.000820813008055
1230,-0.0047835433533088521,0.00060970451556003604,0,0.79403127604378476,0.42388127331779796,0,0,0,-48.822109792869981,0.0047835433533088521,-0.00060970451556003604,0,-0.79403127604378476,-0.42388127331779796,0,0,0,-48.822109792869981
1240,-0.0047757134666877206,0.00061390436871853798,0,0.77172664492575005,0.41589229505049657,0,0,0,-54.005120705920028,0.0047757134666877206,-0.00061390436871853798,0,-0.77172664492575005,-0.41589229505049657,0,0,0,-54.005120705920028
1250,-0.0047681128490759134,0.00061802012449443076,0,0.74819981081206677,0.40721298013709867,0,0,0,-59.596001687295924,0.0047681128490759134,-0.00061802012449443076,0,-0.74819981081206677,-0.40721298013709867,0,0,0,-59.596001687295924
1260,-0.0047607532491627837,0.00062204782705152267,0,0.72352808493774046,0.39829098892012904,0,0,0,-65.376580733990409,0.0047607532491627837,-0.00062204782705152267,0,-0.72352808493774046,-0.39829098892012904,0,0,0,-65.376580733990409
1270,-0.0047536459615205775,0.00062598533038548895,0,0.69774314359783807,0.3891830878524225,0,0,0,-71.318441386885937,0.0047536459615205775,-0.00062598533038548895,0,-0.69774314359783807,-0.3891830878524225,0,0,0,-71.318441386885937
1280,-0.0047468019404613183,0.00062983107344824626,0,0.67088133656218463,0.379949419287755,0,0,0,-77.391344688431602,0.0047468019404613183,-0.00062983107344824626,0,-0.67088133656218463,-0.379949419287755,0,0,0,-77.391344688431602
1290,-0.0047402317541034439,0.00063358411142416305,0,0.64298352296304229,0.37065299907695798,0,0,0,-83.563473996475039,0.0047402317541034439,-0.00063358411142416305,0,-0.64298352296304229,-0.37065299907695798,0,0,0,-83.563473996475039
1300,-0.0047339455401920107,0.00063724414181717424,0,0.61409488474135099,0.36135918187699134,0,0,0,-89.801694472460312,0.0047339455401920107,-0.00063724414181717424,0,-0.61409488474135099,-0.36135918187699134,0,0,0,-89.801694472460312
1310,-0.0047279529638948803,0.00064081152504817727,0,0.58426471811560254,0.35213509871699628,0,0,0,-96.071825128199777,0.0047279529638948803,-0.00064081152504817727,0,-0.58426471811560254,-0.35213509871699628,0,0,0,-96.071825128199777
1320,-0.0047222631777909122,0.00064428729931019122,0,0.55354620387138354,0.34304907188564532,0,0,0,-102.33892109233068,0.0047222631777909122,-0.00064428729931019122,0,-0.55354620387138354,-0.34304907188564532,0,0,0,-102.33892109233068
1330,-0.0047168847842567058,0.00064767318948165604,0,0.52199615757558637,0.33417001263903151,0,0,0,-108.56756357538707,0.0047168847842567058,-0.00064767318948165604,0,-0.52199615757558637,-0.33417001263903151,0,0,0,-108.56756357538707
1340,-0.0047118258004459571,0.00065097160995505746,0,0.48967476109549896,0.32556680757686174,0,0,0,-114.72215487057628,0.0047118258004459571,-0.00065097160995505746,0,-0.48967476109549896,-0.32556680757686174,0,0,0,-114.72215487057628
1350,-0.0047070936260404468,0.00065418566129791915,0,0.45664527704754371,0.31730769979575474,0,0,0,-120.76721562538674,0.0047070936260404468,-0.00065418566129791915,0,-0.45664527704754371,-0.31730769979575474,0,0,0,-120.76721562538674
1360,-0.0047026950139343647,0.00065731912072523261,0,0.42297374801159093,0.30945967110122452,0,0,0,-126.66768155656072,0.0047026950139343647,-0.00065731912072523261,0,-0.42297374801159093,-0.30945967110122452,0,0,0,-126.66768155656072
1370,-0.0046986360439943671,0.00066037642642570676,0,0.38872868252308318,0.30208783164419922,0,0,0,-132.38919675706364,0.0046986360439943671,-0.00066037642642570676,0,-0.38872868252308318,-0.30208783164419922,0,0,0,-132.38919675706364
1380,-0.0046949221000169459,0.00066336265584793328,0,0.35398072999569008,0.29525482334419129,0,0,0,-137.89840075757655,0.0046949221000169459,-0.00066336265584793328,0,-0.35398072999569008,-0.29525482334419129,0,0,0,-137.89840075757655
1390,-0.0046915578499825859,0.00066628349811580505,0,0.318802346831421,0.28902024337079213,0,0,0,-143.16320655554546,0.0046915578499825859,-0.00066628349811580505,0,-0.318802346831421,-0.28902024337079213,0,0,0,-143.16320655554546
1400,-0.004688547229683252,0.00066914522080443973,0,0.28326745604325998,0.2834400937802235,0,0,0,-148.15306691047311,0.004688547229683252,-0.00066914522080443973,0,-0.28326745604325998,-0.2834400937802235,0,0,0,-148.15306691047311
1410,-0.0046858934297763126,0.0006719546313676127,0,0.247451102748241,0.27856626314737282,0,0,0,-152.83922632316214,0.0046858934297763126,-0.0006719546313676127,0,-0.247451102748241,-0.27856626314737282,0,0,0,-152.83922632316214
1420,-0.0046835988862943814,0.00067471903356450139,0,0.21142910788791466,0.27444604570013004,0,0,0,-157.19495626693742,0.0046835988862943814,-0.00067471903356450139,0,-0.21142910788791466,-0.27444604570013004,0,0,0,-157.19495626693742
1430,-0.0046816652746171517,0.00067744617928664451,0,0.17527772250038756,0.27112170305689498,0,0,0,-161.1957714181458,0.0046816652746171517,-0.00067744617928664451,0,-0.17527772250038756,-0.27112170305689498,0,0,0,-161.1957714181458
1440,-0.0046800935068883418,0.00068014421623471854,0,0.13907328480607742,0.26863007319568066,0,0,0,-164.81962483882759,0.0046800935068883418,-0.00068014421623471854,0,-0.13907328480607742,-0.26863007319568066,0,0,0,-164.81962483882759
1450,-0.0046788837328386318,0.00068282163193840179,0,0.10289188228101961,0.2670022307509603,0,0,0,-168.04708029353031,0.0046788837328386318,-0.00068282163193840179,0,-0.10289188228101961,-0.2670022307509603,0,0,0,-168.04708029353031
1460,-0.00467803534395433,0.00068548719465068059,0,0.066809020780275882,0.26626320214968424,0,0,0,-170.86146013172279,0.00467803534395433,-0.00068548719465068059,0,-0.066809020780275882,-0.26626320214968424,0,0,0,-170.86146013172279
1470,-0.0046775469809114721,0.00068814989167994927,0,0.030899302643273528,0.26643173846879525,0,0,0,-173.24896743392745,0.0046775469809114721,-0.00068814989167994927,0,-0.030899302643273528,-0.26643173846879525,0,0,0,-173.24896743392745
1480,-0.0046774165441764819,0.00069081886574878695,0,-0.004763884433628047,0.26752014823171771,0,0,0,-175.19878140013543,0.0046774165441764819,-0.00069081886574878695,0,0.004763884433628047,-0.26752014823171771,0,0,0,-175.19878140013543
1490,-0.0046776412076574552,0.00069350334998702617,0,-0.040108666130759509,0.26953419166977061,0,0,0,-176.70312524979687,0.0046776412076574552,-0.00069350334998702617,0,0.040108666130759509,-0.26953419166977061,0,0,0,-176.70312524979687
1500,-0.0046782174352746776,0.00069621260217845465,0,-0.075064966385771981,0.27247303726566952,0,0,0,-177.75730620013121,0.0046782174352746776,-0.00069621260217845465,0,0.075064966385771981,-0.27247303726566952,0,0,0,-177.75730620013121
1510,-0.0046791410003052692,0.00069895583888508642,0,-0.1095647771349053,0.27632928067987361,0,0,0,-178.3597273900464,0.0046791410003052692,-0.00069895583888508642,0,0.1095647771349053,-0.27632928067987361,0,0,0,-178.3597273900464
1520,-0.0046804070073448644,0.00070174217007036392,0,-0.14354241180376009,0.28108902544621661,0,0,0,-178.51187191700311,0.0046804070073448644,-0.00070174217007036392,0,0.14354241180376009,-0.28108902544621661,0,0,0,-178.51187191700311
1530,-0.004682009916718988,0.00070458053483299647,0,-0.17693474161151168,0.28673202412068138,0,0,0,-178.21825945011773,0.004682009916718988,-0.00070458053483299647,0,0.17693474161151168,-0.28673202412068138,0,0,0,-178.21825945011773
1540,-0.0046839435711682961,0.00070747963884654273,0,-0.20968141392521941,0.29323187788580701,0,0,0,-177.48637617117524,0.0046839435711682961,-0.00070747963884654273,0,0.20968141392521941,-0.29323187788580701,0,0,0,-177.48637617117524
1550,-0.004686201224625073,0.00071044789407659283,0,-0.24172505206950895,0.30055629196216893,0,0,0,-176.32657907263891,0.004686201224625073,-0.00071044789407659283,0,0.24172505206950895,-0.30055629196216893,0,0,0,-176.32657907263891
1560,-0.0046887755728932511,0.00071349336131781447,0,-0.27301143616015927,0.30866738356629209,0,0,0,-174.7519759049552,0.0046887755728932511,-0.00071349336131781447,0,0.27301143616015927,-0.30866738356629209,0,0,0,-174.7519759049552
1570,-0.0046916587860406679,0.00071662369605766214,0,-0.3034896646871702,0.31752203858929273,0,0,0,-172.7782823114359,0.0046916587860406679,-0.00071662369605766214,0,0.3034896646871702,-0.31752203858929273,0,0,0,-172.7782823114359
1580,-0.004694842542310341,0.00071984609813267886,0,-0.33311229672330284,0.32707231265976822,0,0,0,-170.42365791493148,0.004694842542310341,-0.00071984609813267886,0,0.33311229672330284,-0.32707231265976822,0,0,0,-170.42365791493148
1590,-0.0046983180633569646,0.00072316726559766131,0,-0.36183547477783962,0.33726587180444811,0,0,0,-167.70852332385874,0.0046983180633569646,-0.00072316726559766131,0,0.36183547477783962,-0.33726587180444811,0,0,0,-167.70852332385874
1600,-0.0047020761506157711,0.00072659335317810318,0,-0.38961902845268487,0.34804646753632801,0,0,0,-164.65536020367341,0.0047020761506157711,-0.00072659335317810318,0,0.38961902845268487,-0.34804646753632801,0,0,0,-164.65536020367341
1610,-0.0047061072226131139,0.0007301299356230191,0,-0.41642655918950727,0.35935444088689428,0,0,0,-161.28849671167774,0.0047061072226131139,-0.0007301299356230191,0,0.41642655918950727,-0.35935444088689428,0,0,0,-161.28849671167774
1620,-0.0047104013530316321,0.00073378197621914228,0,-0.4422255065232118,0.37112724965990862,0,0,0,-157.63388071661078,0.0047104013530316321,-0.00073378197621914228,0,0.4422255065232118,-0.37112724965990862,0,0,0,-157.63388071661078
1630,-0.0047149483093476838,0.00073755380066938968,0,-0.46698719637960184,0.38330001302118333,0,0,0,-153.71884331864814,0.0047149483093476838,-0.00073755380066938968,0,0.46698719637960184,-0.38330001302118333,0,0,0,-153.71884331864814
1640,-0.0047197375918646379,0.00074144907647914076,0,-0.49068687207482281,0.3958060674527335,0,0,0,-149.57185524954758,0.0047197375918646379,-0.00074144907647914076,0,0.49068687207482281,-0.3958060674527335,0,0,0,-149.57185524954758
1650,-0.0047247584729728448,0.00074547079793404125,0,-0.51330370879234433,0.40857752809031084,0,0,0,-145.22227876648722,0.0047247584729728448,-0.00074547079793404125,0,0.51330370879234433,-0.40857752809031084,0,0,0,-145.22227876648722
1660,-0.0047300000364754258,0.00074962127669350276,0,-0.53482081243128432,0.4215458495289639,0,0,0,-140.70011765688704,0.0047300000364754258,-0.00074962127669350276,0,0.53482081243128432,-0.4215458495289639,0,0,0,-140.70011765688704
1670,-0.004735451216828555,0.00075390213796554413,0,-0.55522520383948626,0.43464238031910757,0,0,0,-136.03576794595057,0.004735451216828555,-0.00075390213796554413,0,0.55522520383948626,-0.43464238031910757,0,0,0,-136.03576794595057
1680,-0.0047411008381556584,0.00075831432217181934,0,-0.57450778956785198,0.44779890558147362,0,0,0,-131.2597718451004,0.0047411008381556584,-0.00075831432217181934,0,0.57450778956785198,-0.44779890558147362,0,0,0,-131.2597718451004
1690,-0.0047469376529069513,0.00076285809195725089,0,-0.59266332041143321,0.46094817243794178,0,0,0,-126.40257739977436,0.0047469376529069513,-0.00076285809195725089,0,0.59266332041143321,-0.46094817243794178,0,0,0,-126.40257739977436
1700,-0.0047529507902545126,0.00076753049757951903,0,-0.60979922445713741,0.47334889294645993,0,0,0,-121.82355073751563,0.0047529507902545126,-0.00076753049757951903,0,0.60979922445713741,-0.47334889294645993,0,0,0,-121.82355073751563
1710,-0.0047591302432090227,0.00077232263571749046,0,-0.62591580237687028,0.48495553040355766,0,0,0,-117.54424108738282,0.0047591302432090227,-0.00077232263571749046,0,0.62591580237687028,-0.48495553040355766,0,0,0,-117.54424108738282
1720,-0.0047654656959861905,0.00077722721152777752,0,-0.64099907357200059,0.49583599170567361,0,0,0,-113.53125132355126,0.0047654656959861905,-0.00077722721152777752,0,0.64099907357200059,-0.49583599170567361,0,0,0,-113.53125132355126
1730,-0.0047719468179619274,0.00078223695447343774,0,-0.65505012721169975,0.50598893815146917,0,0,0,-109.78521132016191,0.0047719468179619274,-0.00078223695447343774,0,0.65505012721169975,-0.50598893815146917,0,0,0,-109.78521132016191
1740,-0.0047785633070193323,0.00078734459288437445,0,-0.66807357049102112,0.51541548246450408,0,0,0,-106.30586010004578,0.0047785633070193323,-0.00078734459288437445,0,0.66807357049102112,-0.51541548246450408,0,0,0,-106.30586010004578
1750,-0.0047853049245716092,0.00079254287848585137,0,-0.68007749640071302,0.52411919118410533,0,0,0,-103.09204299550231,0.0047853049245716092,-0.00079254287848585137,0,0.68007749640071302,-0.52411919118410533,0,0,0,-103.09204299550231
1760,-0.0047921615302440627,0.00079782461093971736,0,-0.6910734481785874,0.53210608507502444,0,0,0,-100.14170940184829,0.0047921615302440627,-0.00079782461093971736,0,0.6910734481785874,-0.53210608507502444,0,0,0,-100.14170940184829
1770,-0.0047991231161946682,0.00080318266238672169,0,-0.70107638305966791,0.53938463925805058,0,0,0,-97.451910509862373,0.0047991231161946682,-0.00080318266238672169,0,0.70107638305966791,-0.53938463925805058,0,0,0,-97.451910509862373
1780,-0.004806179841081502,0.0008086100019973686,0,-0.71010463849085459,0.54596578519344829,0,0,0,-95.018796243138254,0.004806179841081502,-0.0008086100019973686,0,0.71010463849085459,-0.54596578519344829,0,0,0,-95.018796243138254
1790,-0.00481332206372045,0.00081409972056281426,0,-0.71817990471353299,0.55186291722518366,0,0,0,-92.837610411194404,0.00481332206372045,-0.00081409972056281426,0,0.71817990471353299,-0.55186291722518366,0,0,0,-92.837610411194404
1800,-0.0048205403765204857,0.00081964505518812645,0,-0.72532720863996036,0.55709190718831014,0,0,0,-90.902682792103548,0.0048205403765204857,-0.00081964505518812645,0,0.72532720863996036,-0.55709190718831014,0,0,0,-90.902682792103548
1810,-0.0048278256388399159,0.00082523941419055074,0,-0.73157491540909214,0.56167113170971106,0,0,0,-89.207416436426485,0.0048278256388399159,-0.00082523941419055074,0,0.73157491540909214,-0.56167113170971106,0,0,0,-89.207416436426485
1820,-0.0048351690104808135,0.00083087640235941969,0,-0.73695475615638018,0.56562151848338016,0,0,0,-87.744267866487547,0.0048351690104808135,-0.00083087640235941969,0,0.73695475615638018,-0.56562151848338016,0,0,0,-87.744267866487547
1830,-0.0048425619856394013,0.00083654984680874153,0,-0.74150189379978104,0.56896662029991762,0,0,0,-86.504716910443079,0.0048425619856394013,-0.00083654984680874153,0,0.74150189379978104,-0.56896662029991762,0,0,0,-86.504716910443079
1840,-0.0048499964277717907,0.00084225382375934703,0,-0.74525504379560492,0.57173272953300647,0,0,0,-85.479221443743029,0.0048499964277717907,-0.00084225382375934703,0,0.74525504379560492,-0.57173272953300647,0,0,0,-85.479221443743029
1850,-0.0048574646060426932,0.00084798268674383015,0,-0.74825667528139761,0.57394905221092263,0,0,0,-84.657149909276058,0.0048574646060426932,-0.00084798268674383015,0,0.74825667528139761,-0.57394905221092263,0,0,0,-84.657149909276058
1860,-0.0048649592343447982,0.00085373109696876704,0,-0.75055333262377666,0.57564797185885419,0,0,0,-84.026680356781412,0.0048649592343447982,-0.00085373109696876704,0,0.75055333262377666,-0.57564797185885419,0,0,0,-84.026680356781412
1870,-0.0048724735143959681,0.00085949405696073976,0,-0.75219614411361513,0.57686545350013674,0,0,0,-83.57464719849429,0.0048724735143959681,-0.00085949405696073976,0,0.75219614411361513,-0.57686545350013674,0,0,0,-83.57464719849429
1880,-0.0048800011853203096,0.00086526694930133769,0,-0.75324163721779591,0.57764167796101074,0,0,0,-83.286302038198315,0.0048800011853203096,-0.00086526694930133769,0,0.75324163721779591,-0.57764167796101074,0,0,0,-83.286302038198315
1890,-0.0048875365838048712,0.00087104558352851921,0,-0.75375309397476375,0.57802208271372635,0,0,0,-83.144922806719265,0.0048875365838048712,-0.00087104558352851921,0,0.75375309397476375,-0.57802208271372635,0,0,0,-83.144922806719265
1900,-0.0048950747221044267,0.00087682625879154151,0,-0.75380195958043927,0.57806479279930356,0,0,0,-83.128299711818457,0.0048950747221044267,-0.00087682625879154151,0,0.75380195958043927,-0.57806479279930356,0,0,0,-83.128299711818457
1910,-0.0049026112901728166,0.000882606466354886,0,-0.75345094368761634,0.57796506181818297,0,0,0,-83.146263758456712,0.0049026112901728166,-0.000882606466354886,0,0.75345094368761634,-0.57796506181818297,0,0,0,-83.146263758456712
1920,-0.0049101427809071056,0.00088838538145319412,0,-0.75281112250480542,0.57781168633560676,0,0,0,-83.16485158440382,0.0049101427809071056,-0.00088838538145319412,0,0.75281112250480542,-0.57781168633560676,0,0,0,-83.16485158440382
1930,-0.0049176672003580363,0.00089416266364858422,0,-0.75208921261475936,0.57765005009202752,0,0,0,-83.179938903017771,0.0049176672003580363,-0.00089416266364858422,0,0.75208921261475936,-0.57765005009202752,0,0,0,-83.179938903017771
1940,-0.0049251871591917858,0.00089993896490926184,0,-0.75198673146694228,0.57762819814538469,0,0,0,-83.181517644905909,0.0049251871591917858,-0.00089993896490926184,0,0.75198673146694228,-0.57762819814538469,0,0,0,-83.181517644905909
1950,-0.004932707026506453,0.00090571524689071574,0,-0.75198673146694228,0.57762819814538469,0,0,0,-83.181517644905909,0.004932707026506453,-0.00090571524689071574,0,0.75198673146694228,-0.57762819814538469,0,0,0,-83.181517644905909
1960,-0.0049402268938211202,0.00091149152887216964,0,-0.75198673146694228,0.57762819814538469,0,0,0,-83.181517644905909,0.0049402268938211202,-0.00091149152887216964,0,0.75198673146694228,-0.57762819814538469,0,0,0,-83.181517644905909
1970,-0.0049477467611357875,0.00091726781085362354,0,-0.75198673146694228,0.57762819814538469,0,0,0,-83.181517644905909,0.0049477467611357875,-0.00091726781085362354,0,0.75198673146694228,-0.57762819814538469,0,0,0,-83.181517644905909
1980,-0.0049552666284504547,0.00092304409283507744,0,-0.75198673146694228,0.57762819814538469,0,0,0,-83.181517644905909,0.0049552666284504547,-0.00092304409283507744,0,0.75198673146694228,-0.57762819814538469,0,0,0,-83.181517644905909
1990,-0.0049627864957651219,0.00092882037481653134,0,-0.75198673146694228,0.57762819814538469,0,0,0,-83.181517644905909,0.0049627864957651219,-0.00092882037481653134,0,0.75198673146694228,-0.57762819814538469,0,0,0,-83.181517644905909
2000,-0.0049703063630797892,0.00093459665679798524,0,-0.75198673146694228,0.57762819814538469,0,0,0,-83.181517644905909,0.0049703063630797892,-0.00093459665679798524,0,0.75198673146694228,-0.57762819814538469,0,0,0,-83.181517644905909
2010,-0.0049778262303944564,0.00094037293877943914,0,-0.75198673146694228,0.57762819814538469,0,0,0,-83.181517644905909,0.0049778262303944564,-0.00094037293877943914,0,0.75198673146694228,-0.57762819814538469,0,0,0,-83.181517644905909
2020,-0.0049853460977091237,0.00094614922076089304,0,-0.75198673146694228,0.57762819814538469,0,0,0,-83.181517644905909,0.0049853460977091237,-0.00094614922076089304,0,0.75198673146694228,-0.57762819814538469,0,0,0,-83.181517644905909
2030,-0.0049928659650237909,0.00095192550274234694,0,-0.75198673146694228,0.57762819814538469,0,0,0,-83.181517644905909,0.0049928659650237909,-0.00095192550274234694,0,0.75198673146694228,-0.57762819814538469,0,0,0,-83.181517644905909
2040,-0.0050003858323384581,0.00095770178472380084,0,-0.75198673146694228,0.57762819814538469,0,0,0,-83.181517644905909,0.0050003858323384581,-0.00095770178472380084,0,0.75198673146694228,-0.57762819814538469,0,0,0,-83.181517644905909
2050,-0.0050079056996531254,0.00096347806670525474,0,-0.75198673146694228,0.57762819814538469,0,0,0,-83.181517644905909,0.0050079056996531254,-0.00096347806670525474,0,0.75198673146694228,-0.57762819814538469,0,0,0,-83.181517644905909
2060,-0.0050154255669677926,0.00096925434868670864,0,-0.75198673146694228,0.57762819814538469,0,0,0,-83.181517644905909,0.0050154255669677926,-0.00096925434868670864,0,0.75198673146694228,-0.57762819814538469,0,0,0,-83.181517644905909
2070,-0.0050229454342824598,0.00097503063066816254,0,-0.75198673146694228,0.57762819814538469,0,0,0,-83.181517644905909,0.0050229454342824598,-0.00097503063066816254,0,0.75198673146694228,-0.57762819814538469,0,0,0,-83.181517644905909
2080,-0.0050304653015971271,0.00098080691264961569,0,-0.75198673146694228,0.57762819814538469,0,0,0,-83.181517644905909,0.0050304653015971271,-0.00098080691264961569,0,0.75198673146694228,-0.57762819814538469,0,0,0,-83.181517644905909
2090,-0.0050379851689117943,0.0009865831946310685,0,-0.75198673146694228,0.57762819814538469,0,0,0,-83.181517644905909,0.0050379851689117943,-0.0009865831946310685,0,0.75198673146694228,-0.57762819814538469,0,0,0,-83.181517644905909
2100,-0.0050455050362264615,0.00099235947661252132,0,-0.75198673146694228,0.57762819814538469,0,0,0,-83.181517644905909,0.0050455050362264615,-0.00099235947661252132,0,0.75198673146694228,-0.57762819814538469,0,0,0,-83.181517644905909
2110,-0.0050530249035411288,0.00099813575859397413,0,-0.75198673146694228,0.57762819814538469,0,0,0,-83.181517644905909,0.0050530249035411288,-0.00099813575859397413,0,0.75198673146694228,-0.57762819814538469,0,0,0,-83.181517644905909
2120,-0.005060544770855796,0.0010039120405754269,0,-0.75198673146694228,0.57762819814538469,0,0,0,-83.181517644905909,0.005060544770855796,-0.0010039120405754269,0,0.75198673146694228,-0.57762819814538469,0,0,0,-83.181517644905909
2130,-0.0050680646381704633,0.0010096883225568798,0,-0.75198673146694228,0.57762819814538469,0,0,0,-83.181517644905909,0.0050680646381704633,-0.0010096883225568798,0,0.75198673146694228,-0.57762819814538469,0,0,0,-83.181517644905909
2140,-0.0050755845054851305,0.0010154646045383326,0,-0.75198673146694228,0.57762819814538469,0,0,0,-83.181517644905909,0.0050755845054851305,-0.0010154646045383326,0,0.75198673146694228,-0.57762819814538469,0,0,0,-83.181517644905909
2150,-0.0050831043727997977,0.0010212408865197854,0,-0.75198673146694228,0.57762819814538469,0,0,0,-83.181517644905909,0.0050831043727997977,-0.0010212408865197854,0,0.75198673146694228,-0.57762819814538469,0,0,0,-83.181517644905909
2160,-0.005090624240114465,0.0010270171685012382,0,-0.75198673146694228,0.57762819814538469,0,0,0,-83.181517644905909,0.005090624240114465,-0.0010270171685012382,0,0.75198673146694228,-0.57762819814538469,0,0,0,-83.181517644905909
2170,-0.0050981441074291322,0.001032793450482691,0,-0.75198673146694228,0.57762819814538469,0,0,0,-83.181517644905909,0.0050981441074291322,-0.001032793450482691,0,0.75198673146694228,-0.57762819814538469,0,0,0,-83.181517644905909
2180,-0.0051056639747437994,0.0010385697324641438,0,-0.75198673146694228,0.57762819814538469,0,0,0,-83.181517644905909,0.0051056639747437994,-0.0010385697324641438,0,0.75198673146694228,-0.57762819814538469,0,0,0,-83.181517644905909
2190,-0.0051131838420584667,0.0010443460144455967,0,-0.75198673146694228,0.57762819814538469,0,0,0,-83.181517644905909,0.0051131838420584667,-0.0010443460144455967,0,0.75198673146694228,-0.57762819814538469,0,0,0,-83.181517644905909
2200,-0.0051207037093731339,0.0010501222964270495,0,-0.75198673146694228,0.57762819814538469,0,0,0,-83.181517644905909,0.0051207037093731339,-0.0010501222964270495,0,0.75198673146694228,-0.57762819814538469,0,0,0,-83.181517644905909
2210,-0.0051282235766878011,0.0010558985784085023,0,-0.75198673146694228,0.57762819814538469,0,0,0,-83.181517644905909,0.0051282235766878011,-0.0010558985784085023,0,0.75198673146694228,-0.57762819814538469,0,0,0,-83.181517644905909
2220,-0.0051357434440024684,0.0010616748603899551,0,-0.75198673146694228,0.57762819814538469,0,0,0,-83.181517644905909,0.0051357434440024684,-0.0010616748603899551,0,0.75198673146694228,-0.57762819814538469,0,0,0,-83.181517644905909
2230,-0.0051432633113171356,0.0010674511423714079,0,-0.75198673146694228,0.57762819814538469,0,0,0,-83.181517644905909,0.0051432633113171356,-0.0010674511423714079,0,0.75198673146694228,-0.57762819814538469,0,0,0,-83.181517644905909
2240,-0.0051507831786318028,0.0010732274243528607,0,-0.75198673146694228,0.57762819814538469,0,0,0,-83.181517644905909,0.0051507831786318028,-0.0010732274243528607,0,0.75198673146694228,-0.57762819814538469,0,0,0,-83.181517644905909
2250,-0.0051583030459464701,0.0010790037063343136,0,-0.75198673146694228,0.57762819814538469,0,0,0,-83.181517644905909,0.0051583030459464701,-0.0010790037063343136,0,0.75198673146694228,-0.57762819814538469,0,0,0,-83.181517644905909
2260,-0.0051658229132611373,0.0010847799883157664,0,-0.75198673146694228,0.57762819814538469,0,0,0,-83.181517644905909,0.0051658229132611373,-0.0010847799883157664,0,0.75198673146694228,-0.57762819814538469,0,0,0,-83.181517644905909
2270,-0.0051733427805758046,0.0010905562702972192,0,-0.75198673146694228,0.57762819814538469,0,0,0,-83.181517644905909,0.0051733427805758046,-0.0010905562702972192,0,0.75198673146694228,-0.57762819814538469,0,0,0,-83.181517644905909
2280,-0.0051808626478904718,0.001096332552278672,0,-0.75198673146694228,0.57762819814538469,0,0,0,-83.181517644905909,0.0051808626478904718,-0.001096332552278672,0,0.75198673146694228,-0.57762819814538469,0,0,0,-83.181517644905909
2290,-0.005188382515205139,0.0011021088342601248,0,-0.75198673146694228,0.57762819814538469,0,0,0,-83.181517644905909,0.005188382515205139,-0.0011021088342601248,0,0.75198673146694228,-0.57762819814538469,0,0,0,-83.181517644905909
2300,-0.0051959023825198063,0.0011078851162415776,0,-0.75198673146694228,0.57762819814538469,0,0,0,-83.181517644905909,0.0051959023825198063,-0.0011078851162415776,0,0.75198673146694228,-0.57762819814538469,0,0,0,-83.181517644905909
2310,-0.0052034222498344735,0.0011136613982230305,0,-0.75198673146694228,0.57762819814538469,0,0,0,-83.181517644905909,0.0052034222498344735,-0.0011136613982230305,0,0.75198673146694228,-0.57762819814538469,0,0,0,-83.181517644905909
2320,-0.0052109421171491407,0.0011194376802044833,0,-0.75198673146694228,0.57762819814538469,0,0,0,-83.181517644905909,0.0052109421171491407,-0.0011194376802044833,0,0.75198673146694228,-0.57762819814538469,0,0,0,-83.181517644905909
2330,-0.005218461984463808,0.0011252139621859361,0,-0.75198673146694228,0.57762819814538469,0,0,0,-83.181517644905909,0.005218461984463808,-0.0011252139621859361,0,0.75198673146694228,-0.57762819814538469,0,0,0,-83.181517644905909
2340,-0.0052259818517784752,0.0011309902441673889,0,-0.75198673146694228,0.57762819814538469,0,0,0,-83.181517644905909,0.0052259818517784752,-0.0011309902441673889,0,0.75198673146694228,-0.57762819814538469,0,0,0,-83.181517644905909
2350,-0.0052335017190931424,0.0011367665261488417,0,-0.75198673146694228,0.57762819814538469,0,0,0,-83.181517644905909,0.0052335017190931424,-0.0011367665261488417,0,0.75198673146694228,-0.57762819814538469,0,0,0,-83.181517644905909
2360,-0.0052410215864078097,0.0011425428081302945,0,-0.75198673146694228,0.57762819814538469,0,0,0,-83.181517644905909,0.0052410215864078097,-0.0011425428081302945,0,0.75198673146694228,-0.57762819814538469,0,0,0,-83.181517644905909
2370,-0.0052485414537224769,0.0011483190901117473,0,-0.75198673146694228,0.57762819814538469,0,0,0,-83.181517644905909,0.0052485414537224769,-0.0011483190901117473,0,0.75198673146694228,-0.57762819814538469,0,0,0,-83.181517644905909
2380,-0.0052560613210371442,0.0011540953720932002,0,-0.75198673146694228,0.57762819814538469,0,0,0,-83.181517644905909,0.0052560613210371442,-0.0011540953720932002,0,0.75198673146694228,-0.57762819814538469,0,0,0,-83.181517644905909
2390,-0.0052635811883518114,0.001159871654074653,0,-0.75198673146694228,0.57762819814538469,0,0,0,-83.181517644905909,0.0052635811883518114,-0.001159871654074653,0,0.75198673146694228,-0.57762819814538469,0,0,0,-83.181517644905909
2400,-0.0052711010556664786,0.0011656479360561058,0,-0.75198673146694228,0.57762819814538469,0,0,0,-83.181517644905909,0.0052711010556664786,-0.0011656479360561058,0,0.75198673146694228,-0.57762819814538469,0,0,0,-83.181517644905909
2410,-0.0052786209229811459,0.0011714242180375586,0,-0.75198673146694228,0.57762819814538469,0,0,0,-83.181517644905909,0.0052786209229811459,-0.0011714242180375586,0,0.75198673146694228,-0.57762819814538469,0,0,0,-83.181517644905909
2420,-0.0052861407902958131,0.0011772005000190114,0,-0.75198673146694228,0.57762819814538469,0,0,0,-83.181517644905909,0.0052861407902958131,-0.0011772005000190114,0,0.75198673146694228,-0.57762819814538469,0,0,0,-83.181517644905909
2430,-0.0052936606576104803,0.0011829767820004642,0,-0.75198673146694228,0.57762819814538469,0,0,0,-83.181517644905909,0.0052936606576104803,-0.0011829767820004642,0,0.75198673146694228,-0.57762819814538469,0,0,0,-83.181517644905909
2440,-0.0053011805249251476,0.0011887530639819171,0,-0.75198673146694228,0.57762819814538469,0,0,0,-83.181517644905909,0.0053011805249251476,-0.0011887530639819171,0,0.75198673146694228,-0.57762819814538469,0,0,0,-83.181517644905909
2450,-0.0053087003922398148,0.0011945293459633699,0,-0.75198673146694228,0.57762819814538469,0,0,0,-83.181517644905909,0.0053087003922398148,-0.0011945293459633699,0,0.75198673146694228,-0.57762819814538469,0,0,0,-83.181517644905909
2460,-0.005316220259554482,0.0012003056279448227,0,-0.75198673146694228,0.57762819814538469,0,0,0,-83.181517644905909,0.005316220259554482,-0.0012003056279448227,0,0.75198673146694228,-0.57762819814538469,0,0,0,-83.181517644905909
2470,-0.0053237401268691493,0.0012060819099262755,0,-0.75198673146694228,0.57762819814538469,0,0,0,-83.181517644905909,0.0053237401268691493,-0.0012060819099262755,0,0.75198673146694228,-0.57762819814538469,0,0,0,-83.181517644905909
2480,-0.0053312599941838165,0.0012118581919077283,0,-0.75198673146694228,0.57762819814538469,0,0,0,-83.181517644905909,0.0053312599941838165,-0.0012118581919077283,0,0.75198673146694228,-0.57762819814538469,0,0,0,-83.181517644905909
2490,-0.0053387798614984838,0.0012176344738891811,0,-0.75198673146694228,0.57762819814538469,0,0,0,-83.181517644905909,0.0053387798614984838,-0.0012176344738891811,0,0.75198673146694228,-0.57762819814538469,0,0,0,-83.181517644905909
2500,-0.005346299728813151,0.001223410755870634,0,-0.75198673146694228,0.57762819814538469,0,0,0,-83.181517644905909,0.005346299728813151,-0.001223410755870634,0,0.75198673146694228,-0.57762819814538469,0,0,0,-83.181517644905909
