step,sim_time_s,reactor_power_mw,prompt_power_mw,delayed_power_mw,fuel_temperature_k,bed_temperature_k,helium_flow_kg_per_s,core_inlet_k,core_outlet_k,hot_duct_k,sg_helium_outlet_k,sg_helium_duty_mw,sg_secondary_duty_mw,passive_loss_mw,circulator_work_mw,riser_heat_mw,reflector_k,rpv_k,e_source_j,e_stored_j,e_to_steam_generator_j,e_to_rccs_j,e_circulator_work_j,e_residual_j
0,0.100000000,134.832816811,134.825428523,0.007388288,972.426347090,950.092963152,4.300000000,516.789785258,920.116231684,961.498445119,363.190765616,13.624005218,11.590590816,0.555903823,0.051758577,0.445056295,569.047983540,426.118907567,4.571933825594e6,3.201246256366e6,1.362400521760e6,1.346290515393e4,5.175857658564e3,-2.770608807623e-5
25,2.600000000,334.493965588,333.824644667,0.669320921,1396.607284549,1050.560742938,4.300000000,525.981085131,979.016627266,967.521245559,516.560471887,10.068460201,16.467211237,0.679908511,0.052030574,0.426493140,569.047191871,426.118907512,1.050023170914e9,1.024122580175e9,2.568386560607e7,3.500355338761e5,1.333104008133e5,5.811845767312e-5
50,5.100000000,240.711261579,240.010085182,0.701176397,1382.734620944,1120.427668208,4.300000000,535.146470423,1042.328460790,1034.797439491,523.892471344,11.405931665,18.174168825,0.793766403,0.053007207,0.336431024,569.053055182,426.118907600,1.721644662022e9,1.668534842969e9,5.268799463640e7,6.866081625627e5,2.647837468217e5,8.879290180630e-5
75,7.600000000,180.278425334,179.635258158,0.643167176,1373.621598074,1170.388922830,4.300000000,540.014941089,1087.296828751,1082.143800829,527.997614027,12.370938309,19.928223794,0.876035162,0.053534764,0.288518533,569.063000866,426.118908084,2.219939794618e9,2.136794802591e9,8.251986465880e7,1.023180792561e6,3.980534248477e5,6.272340942814e-5
100,10.100000000,138.444337739,137.881665666,0.562672073,1367.154543305,1207.131555650,4.300000000,542.715268314,1120.221751666,1116.546184896,530.409196480,13.084873195,20.528160520,0.937034214,0.053833216,0.261967047,569.075620233,426.118909124,2.600199090931e9,2.484954750834e9,1.144168986123e8,1.359753426158e6,5.323119418751e5,1.178989750770e-4
125,12.600000000,108.597993961,108.114032388,0.483961573,1362.620072656,1234.667637317,4.300000000,544.095915571,1144.800185964,1142.108350287,531.361969487,13.634121013,20.321754009,0.982783651,0.053993002,0.248462030,569.090053202,426.118910826,2.897008922642e9,2.748107569786e9,1.478721538664e8,1.696326066257e6,6.671270769317e5,1.079126723198e-4
150,15.100000000,86.869633415,86.454700816,0.414932599,1359.515420779,1255.601775396,4.300000000,544.638975054,1163.414462700,1161.402419758,531.585422475,14.059827686,19.001857878,1.017692975,0.054063295,0.243251195,569.105709062,426.118913264,3.133384991766e9,2.949621037481e9,1.825332698083e8,2.032898716175e6,8.022142398562e5,2.639682134031e-5
175,17.600000000,70.798410235,70.441386094,0.357024141,1357.442502864,1271.704515516,4.300000000,544.766103729,1177.691960005,1176.162950188,531.506056372,14.391115367,18.027641250,1.044617806,0.054087809,0.242160901,569.122204283,426.118916486,3.325226078985e9,3.105663469565e9,2.181305487403e8,2.369471379511e6,9.374107002335e5,6.270791345742e-5
200,20.100000000,58.741529520,58.432203229,0.309326291,1356.083340103,1284.213444775,4.300000000,544.704783339,1188.760516114,1187.583222050,531.296089737,14.650754452,17.469118088,1.065575339,0.054090596,0.242939458,569.139294808,426.118920526,3.483763777525e9,3.227671562068e9,2.544588082637e8,2.706044060052e6,1.072636866111e6,1.046907218551e-4
225,22.600000000,49.571717096,49.301456211,0.270260885,1355.191863083,1294.009635527,4.300000000,544.560529030,1197.415307963,1196.499545733,531.031809317,14.855706360,17.088784965,1.082010540,0.054083046,0.244542099,569.156818523,426.118925409,3.617053914231e9,3.323857091828e9,2.913620606153e8,3.042616761728e6,1.207854974670e6,6.605818816752e-5
250,25.100000000,42.502899583,42.264665794,0.238233789,1354.585328775,1301.729283144,4.300000000,544.382118720,1204.226621323,1203.509037370,530.747481998,15.018534227,16.845664499,1.094949207,0.054070582,0.246485346,569.174662244,426.118931153,3.730945456227e9,3.400188628290e9,3.287206855254e8,3.379189488562e6,1.343047076962e6,9.613996735425e-5
275,27.600000000,36.980972673,36.769116746,0.211855926,1354.133461791,1307.837631482,4.300000000,544.190424418,1209.609305531,1209.044388174,530.455713613,15.148616656,16.691347480,1.105125512,0.054055665,0.248562036,569.192742057,426.118937771,3.829733897892e9,3.461054209421e9,3.664421307320e8,3.715762244653e6,1.478204506357e6,1.007042792480e-4
300,30.100000000,32.611805043,32.421815617,0.189989426,1353.746931563,1312.679135489,4.300000000,543.993724724,1213.870195209,1213.424745841,530.161453884,15.252969350,16.583513329,1.113187756,0.054039379,0.250689742,569.210995365,426.118945273,3.916610742662e9,3.509717650044e9,4.044540802977e8,4.052335034153e6,1.613322714499e6,3.546058724169e-5
325,32.600000000,29.112492391,28.940763806,0.171728586,1353.366860259,1316.512066522,4.300000000,543.795627601,1217.238557105,1216.887931776,529.867553747,15.336839126,16.498101827,1.119563768,0.054022268,0.252832333,569.229374019,426.118953666,3.993976050870e9,3.548636201338e9,4.426993407204e8,4.388907861254e6,1.748399049781e6,4.903213994112e-5
350,35.100000000,26.277965942,26.121604342,0.156361600,1352.956180101,1319.532584994,4.300000000,543.598166013,1219.888381495,1219.613984900,529.576139148,15.404198563,16.423785091,1.124579482,0.054004667,0.254969330,569.247839916,426.118962955,4.063657255326e9,3.579683113472e9,4.811320930363e8,4.725480730176e6,1.883431911905e6,6.828170808149e-5
375,37.600000000,23.958000571,23.814669281,0.143331290,1352.492990684,1321.891609999,4.300000000,543.402735617,1221.953471750,1221.741062856,529.288815244,15.458096474,16.355152706,1.128486335,0.053986820,0.257086629,569.266362561,426.118973144,4.127063331526e9,3.604304510276e9,5.197151880134e8,5.062053645159e6,2.018420408849e6,-1.478596641391e-5
400,40.100000000,22.041323590,21.909122466,0.132201125,1351.965696854,1323.706739507,4.300000000,543.210340205,1223.538050485,1223.376569043,529.006720621,15.500905201,16.289602062,1.131480691,0.053968906,0.259174064,569.284917340,426.118984235,4.185294198797e9,3.623630760275e9,5.584181760808e8,5.398626610456e6,2.153364169329e6,5.623222205031e-5
425,42.600000000,20.444584249,20.321956411,0.122627838,1351.369569023,1325.070748964,4.300000000,543.021662155,1224.724306084,1224.605047570,528.730553191,15.534496377,16.226303548,1.133717756,0.053951058,0.261224695,569.303484234,426.118996228,4.239219004730e9,3.638556211464e9,5.972158568423e8,5.735199630325e6,2.288263207412e6,1.605128491065e-4
450,45.100000000,19.104652737,18.990312621,0.114340116,1350.704368184,1326.057710997,4.300000000,542.837083048,1225.577821625,1225.493849088,528.460581690,15.560367235,16.165550012,1.135321634,0.053933363,0.263234592,569.322046843,426.119009125,4.289532679363e9,3.649796824368e9,6.360872000943e8,6.071772709028e6,2.423117809498e6,2.228659450338e-4
475,47.600000000,17.973203520,17.866081241,0.107122279,1349.972734870,1326.727449539,4.300000000,542.656699824,1226.151525435,1226.097244362,528.196682840,15.579731695,16.108132898,1.136392670,0.053915873,0.265202675,569.340591632,426.119022923,4.336797217068e9,3.657932265232e9,6.750145344191e8,6.408345850828e6,2.557928433904e6,2.089279569191e-4
500,50.100000000,17.012871322,16.912069471,0.100801851,1349.179111046,1327.128817990,4.300000000,542.480361457,1226.488600850,1226.459447572,527.938420311,15.593586154,16.054878722,1.137012877,0.053898606,0.267130332,569.359107334,426.119037622,4.381472139061e9,3.663436986791e9,7.139829288337e8,6.744919059979e6,2.692695623017e6,2.059805992758e-4
525,52.600000000,16.194495734,16.099255631,0.095240103,1348.329026744,1327.302139196,4.300000000,542.307728348,1226.624655515,1226.616865806,527.685148893,15.602757431,16.006405908,1.137249989,0.053881558,0.269020839,569.377584497,426.119053221,4.423937219747e9,3.666703432948e9,7.529797143908e8,7.081492340732e6,2.827419932175e6,3.087527220487e-4
550,55.100000000,15.495124810,15.404799985,0.090324825,1347.428633020,1327.281041765,4.300000000,542.138341847,1226.589356716,1226.599791905,527.436118693,15.607938257,15.963045381,1.137160521,0.053864704,0.270878658,569.396015119,426.119069717,4.464509624820e9,3.668059552487e9,7.919941085133e8,7.418065697326e6,2.962101878379e6,3.163819146721e-4
575,57.600000000,14.896552394,14.810587621,0.085964773,1346.484399625,1327.093856787,4.300000000,541.971690373,1226.407676652,1226.433691560,527.190563530,15.609714047,15.924846146,1.136792100,0.053848013,0.272708788,569.414392383,426.119087107,4.503456968982e9,3.667782155658e9,8.310169160982e8,7.754639133991e6,3.096741908770e6,2.992835561599e-4
600,60.100000000,14.384234373,14.302148998,0.082085375,1345.502921835,1326.764690848,4.300000000,541.807264714,1226.100849479,1226.140191132,526.947769470,15.608583425,15.891613781,1.136185265,0.053831450,0.274516209,569.432710449,426.119105390,4.541007361300e9,3.666107200018e9,8.700402890133e8,8.091212654945e6,3.231340386400e6,2.304143872607e-4
625,62.600000000,13.946476628,13.867851246,0.078625382,1344.490798957,1326.314257923,4.300000000,541.644601170,1225.687113203,1225.737842437,526.707125948,15.604974148,15.862958061,1.135374861,0.053814984,0.276305461,569.450964298,426.119124561,4.577357201934e9,3.663237782618e9,9.090575306410e8,8.427786264389e6,3.365897589844e6,2.916710582213e-4
650,65.100000000,13.573819781,13.498285527,0.075534255,1343.454559269,1325.760529669,4.300000000,541.483313993,1225.182289372,1225.242719670,526.468162805,15.599255585,15.838116798,1.134391128,0.053798588,0.278080317,569.469149624,426.119144618,4.612677281821e9,3.659350400021e9,9.480629355561e8,8.764359966513e6,3.500413723458e6,2.857832805603e-4
675,67.600000000,13.258567900,13.185797814,0.072770086,1342.400614145,1325.119247025,4.300000000,541.322754143,1224.600197099,1224.668857988,526.229058486,15.591780928,15.822248445,1.133260518,0.053782211,0.279847127,569.487262725,426.119165557,4.647117587579e9,3.654599860146e9,9.870516825832e8,9.100933765487e6,3.634888915715e6,3.089742986049e-4
700,70.100000000,12.994424074,12.924126111,0.070297962,1341.335227369,1324.404321645,4.300000000,541.161509787,1223.952936754,1224.028526972,525.988277841,15.582859764,15.805887416,1.132006289,0.053765720,0.281619877,569.505300228,426.119187374,4.680811108417e9,3.649123108595e9,1.026019815188e9,9.437507665468e6,3.769323032378e6,3.282636662334e-4
725,72.600000000,12.776204363,12.708115716,0.068088648,1340.264498400,1323.628160405,4.300000000,540.999682540,1223.251464312,1223.332798941,525.747222511,15.572707987,15.791413845,1.130649361,0.053749129,0.283397503,569.523259144,426.119210066,4.713876865622e9,3.643042497907e9,1.064964001822e9,9.774081670593e6,3.903715777969e6,2.248208656965e-4
750,75.100000000,12.599609748,12.533492222,0.066117526,1339.194353816,1322.801928025,4.300000000,540.837938251,1222.505711876,1222.591717370,525.506944980,15.561526312,15.777527975,1.129208633,0.053732510,0.285173391,569.541137109,426.119233628,4.746422325713e9,3.636468307004e9,1.103881429918e9,1.011065578498e7,4.038066994378e6,2.261985446239e-4
775,77.600000000,12.461043467,12.396679727,0.064363740,1338.130535266,1321.935752462,4.300000000,540.676886288,1221.724688503,1221.814388196,525.268203212,15.549501135,15.763778776,1.127701242,0.053715932,0.286941502,569.558932377,426.119258058,4.778545320907e9,3.629500697670e9,1.142769769928e9,1.044723001273e7,4.172376704267e6,1.983393576666e-4
800,80.100000000,12.357462547,12.294653056,0.062809491,1337.078584340,1321.038886861,4.300000000,540.516993995,1220.916612229,1221.009111760,525.031546504,15.536805544,15.750120661,1.126142823,0.053699448,0.288697210,569.576643743,426.119283350,4.810335572044e9,3.622231271990e9,1.181627140776e9,1.078380435793e7,4.306645080848e6,1.451379139326e-4
825,82.600000000,12.286255178,12.224815721,0.061439457,1336.043823831,1320.119837085,4.300000000,540.358612792,1220.089026056,1220.183501165,524.797396917,15.523600130,15.736587602,1.124547728,0.053683098,0.290437037,569.594270482,426.119309500,4.841875885673e9,3.614744301523e9,1.220452077738e9,1.112037882464e7,4.440872413418e6,9.410299753654e-5
850,85.100000000,12.245137953,12.184897636,0.060240317,1335.031334455,1319.186460966,4.300000000,540.202026321,1219.248891895,1219.344578765,524.566123686,15.510033476,15.723118449,1.122929199,0.053666916,0.292158184,569.611812290,426.119336504,4.873243080018e9,3.607117683815e9,1.259243501869e9,1.145695341689e7,4.575059083018e6,1.033809530782e-4
875,87.600000000,12.232068602,12.172868263,0.059200338,1334.045926420,1318.246043855,4.300000000,540.047494772,1218.402663137,1218.498851119,524.338096836,15.496242625,15.709527004,1.121299501,0.053650933,0.293858085,569.629269254,426.119364359,4.904508682199e9,3.599423669045e9,1.298000690565e9,1.179352813872e7,4.709205550088e6,6.797137757530e-5
900,90.100000000,12.245171217,12.186862177,0.058309041,1333.092105729,1317.305353993,4.300000000,539.895283836,1217.556337531,1217.652364046,524.113711951,15.482353752,15.695568281,1.119670022,0.053635179,0.295534123,569.646641818,426.119393059,4.935739430265e9,3.591729390086e9,1.336723249536e9,1.213010299411e7,4.843312351552e6,1.514633804618e-4
925,92.600000000,12.282671948,12.225115051,0.057556897,1332.174035591,1316.370680562,4.300000000,539.745675106,1216.715492387,1216.810739748,523.893388762,15.468483020,15.681035448,1.118051337,0.053619688,0.297183531,569.663930773,426.119422601,4.966997607548e9,3.584097222937e9,1.375411086726e9,1.246667798707e7,4.977380102946e6,1.838980460889e-4
950,95.100000000,12.342844036,12.285908952,0.056935084,1331.295493901,1315.447856825,4.300000000,539.598961679,1215.885304850,1215.979198694,523.677554292,15.454737447,15.665832564,1.116453252,0.053604491,0.298803428,569.681137235,426.119452981,4.998341233050e9,3.576585000994e9,1.414064388436e9,1.280325312155e7,5.111409501288e6,1.530918489152e-4
975,97.600000000,12.423961740,12.367526475,0.056435265,1330.459828359,1314.542270566,4.300000000,539.455436562,1215.070559929,1215.162568927,523.466623231,15.441215553,15.649996325,1.114884816,0.053589621,0.300390942,569.698262631,426.119484194,5.029824129666e9,3.569246105229e9,1.452683597361e9,1.313982840149e7,5.245401325858e6,2.398759188509e-4
1000,100.100000000,12.524263210,12.468213806,0.056049404,1329.669911376,1313.658864033,4.300000000,539.315381410,1214.275649306,1214.365285824,523.260984782,15.428007655,15.633669970,1.113354322,0.053575110,0.301943312,569.715308676,426.119516237,5.061495891511e9,3.562129452302e9,1.491269391813e9,1.347640383082e7,5.379356436013e6,2.178424856538e-4
1025,102.600000000,12.641922746,12.586153130,0.055769616,1328.928097432,1312.802125596,4.300000000,539.179060173,1213.504563404,1213.591384856,523.060999093,15.415195781,15.617051485,1.111869299,0.053560987,0.303457959,569.732277351,426.119549106,5.093401772221e9,3.555279403404e9,1.529822665170e9,1.381297941346e7,5.513275766730e6,6.536695036630e-5
1050,105.100000000,12.775033001,12.719444954,0.055588047,1328.236185849,1311.976075502,4.300000000,539.046718443,1212.760878935,1212.844489569,522.867001071,15.402853325,15.600341719,1.110436481,0.053547278,0.304932486,569.749170876,426.119582797,5.125582517272e9,3.548735617694e9,1.568344504748e9,1.414955515328e7,5.647160323259e6,-6.341867265292e-5
1075,107.600000000,12.921597684,12.866100903,0.055496781,1327.595392113,1311.184248200,4.300000000,538.918586412,1212.047743772,1212.127796694,522.679306719,15.391044576,15.583709866,1.109061786,0.053534010,0.306364652,569.765991691,426.119617306,5.158074164702e9,3.542532875212e9,1.606836169612e9,1.448613105416e7,5.781011176074e6,6.742036930518e-6
1100,110.100000000,13.079535010,13.024047223,0.055487787,1327.006330638,1310.429673794,4.300000000,538.794882335,1211.367861177,1211.444060373,522.498217321,15.379824266,15.567281614,1.107750284,0.053521206,0.307752333,569.782742426,426.119652630,5.190907839623e9,3.536700894753e9,1.645299067207e9,1.482270711995e7,5.914829456661e6,5.992402293487e-5
1125,112.600000000,13.246691741,13.191138847,0.055552894,1326.469011452,1309.714861199,4.300000000,538.675813934,1210.723475102,1210.795577244,522.324018867,15.369237258,15.551145352,1.106506168,0.053508888,0.309093515,569.799425881,426.119688766,5.224109568072e9,3.531264172044e9,1.683734729027e9,1.515928335449e7,6.048616353929e6,8.035274913709e-5
1150,115.100000000,13.420867032,13.365183229,0.055683803,1325.982852470,1309.041785447,4.300000000,538.561576628,1210.116358744,1210.184174527,522.156976563,15.359318397,15.535367034,1.105332739,0.053497076,0.310386303,569.816044996,426.119725710,5.257700134655e9,3.526241862290e9,1.722144785714e9,1.549585976162e7,6.182373110575e6,1.129204247263e-5
1175,117.600000000,13.599844627,13.543972499,0.055872128,1325.546708040,1308.411881358,4.300000000,538.452348932,1209.547808263,1209.611203066,521.997326114,15.350092555,15.520004670,1.104232392,0.053485791,0.311628974,569.832602829,426.119763459,5.291695005864e9,3.521647728512e9,1.760530942026e9,1.583243634512e7,6.316101018644e6,8.183468162315e-5
1200,120.100000000,13.781431325,13.725321865,0.056109461,1325.158913297,1307.826045372,4.300000000,538.348286323,1209.018643443,1209.077537101,521.845264225,15.341574832,15.505116808,1.103206620,0.053475047,0.312820031,569.849102528,426.119802010,5.326104336747e9,3.517490172910e9,1.798894952142e9,1.616901310880e7,6.449801413725e6,4.464241283131e-5
1225,122.600000000,13.963499106,13.907111642,0.056387464,1324.817342690,1307.284646792,4.300000000,538.249515122,1208.529216601,1208.583582169,521.700940460,15.333770922,15.490763706,1.102256033,0.053464857,0.313958264,569.865547297,426.119841360,5.360933073066e9,3.513772363004e9,1.837238595673e9,1.650559005644e7,6.583475667606e6,-1.293891182286e-5
1250,125.100000000,14.144028000,14.087330023,0.056697977,1324.519480040,1306.787549071,4.300000000,538.156127603,1208.079430450,1208.129291905,521.564451767,15.326677605,15.477003093,1.101380391,0.053455232,0.315042803,569.881940373,426.119881508,5.396181154507e9,3.510492457738e9,1.875563654756e9,1.684216719180e7,6.717125179571e6,-2.590641452116e-5
1275,127.600000000,14.321146774,14.264113648,0.057033126,1324.262496666,1306.334141028,4.300000000,538.068178972,1207.668764948,1207.714193837,521.435839982,15.320283380,15.463883888,1.100578661,0.053446175,0.316073140,569.898284993,426.119922449,5.431843817510e9,3.507643931787e9,1.913871892572e9,1.717874451865e7,6.850751366741e6,-5.436322317109e-5
1300,130.100000000,14.493168744,14.435783303,0.057385441,1324.043333717,1305.923377252,4.300000000,537.985686254,1207.296312469,1207.337423627,521.315091918,15.314569231,15.451440983,1.099849079,0.053437689,0.317049147,569.914584363,426.119964183,5.467911989594e9,3.505215989602e9,1.952165033605e9,1.751532204071e7,6.984355653954e6,-1.342961677437e-4
1325,132.600000000,14.658620544,14.600872583,0.057747961,1323.858784740,1305.553826314,4.300000000,537.908628755,1206.960820086,1206.997766560,521.202141276,15.309509508,15.439692869,1.099189233,0.053429770,0.317971063,569.930841637,426.120006706,5.504372761172e9,3.503194054892e9,1.990444745981e9,1.785189976174e7,7.117939463643e6,-5.759650957771e-5
1350,135.100000000,14.816262353,14.758148030,0.058114322,1323.705574834,1305.223724961,4.300000000,537.836949614,1206.660737284,1206.693704699,521.096871690,15.305072909,15.428642430,1.098596157,0.053422411,0.318839487,569.947059888,426.120050017,5.541209916480e9,3.501560316860e9,2.028712626141e9,1.818847768544e7,7.251504206053e6,-1.140049262176e-4
1375,137.600000000,14.965098870,14.906620037,0.058478833,1323.580433277,1304.931036185,4.300000000,537.770558013,1206.394267226,1206.423467792,520.999120386,15.301223542,15.418280038,1.098066422,0.053415603,0.319655348,569.963242090,426.120094114,5.578404502508e9,3.500294311886e9,2.066970186076e9,1.852505581554e7,7.385051270023e6,-1.292003180424e-4
1400,140.100000000,15.104381070,15.045544550,0.058836520,1323.480157316,1304.673508939,4.300000000,537.709331795,1206.159419557,1206.185085970,520.908682234,15.297922001,15.408587621,1.097596238,0.053409332,0.320419886,569.979391097,426.120138995,5.615935413980e9,3.499373518580e9,2.105218843258e9,1.886163415574e7,7.518582014462e6,-9.371540363645e-5
1425,142.600000000,15.233599439,15.174416279,0.059183160,1323.401665609,1304.448737346,4.300000000,537.653120365,1205.954062865,1205.976442308,520.825314182,15.295126451,15.399542434,1.097181558,0.053403581,0.321134618,569.995509628,426.120184658,5.653779973245e9,3.498773945033e9,2.143459913263e9,1.919821270974e7,7.652097760613e6,-9.741142639541e-5
1450,145.100000000,15.352469891,15.292954617,0.059515274,1323.342040663,1304.254217491,4.300000000,537.601747876,1205.775975075,1205.795323513,520.748740107,15.292793640,15.391119765,1.096818166,0.053398331,0.321801309,570.011600258,426.120231103,5.691914486180e9,3.498470689452e9,2.181694605032e9,1.953479148122e7,7.785599785166e6,-1.938274290296e-4
1475,147.600000000,15.460913913,15.401083797,0.059830116,1323.298560327,1304.087400156,4.300000000,537.555016717,1205.622890366,1205.639467284,520.678656102,15.290879847,15.383294328,1.096501768,0.053393561,0.322421934,570.027665405,426.120278328,5.730314758412e9,3.498438458669e9,2.219924018584e9,1.987137047388e7,7.919089314282e6,-1.494858679507e-4
1500,150.100000000,15.559034576,15.498908947,0.060125629,1323.268718964,1303.945738294,4.300000000,537.512711283,1205.492541510,1205.506605216,520.614736124,15.289341710,15.376040611,1.096228074,0.053389249,0.322998649,570.043707330,426.120326331,5.768956559967e9,3.498652032856e9,2.258149144939e9,2.020794969139e7,8.052567518608e6,-1.299185769312e-4
1525,152.600000000,15.647090111,15.586689713,0.060400398,1323.250239369,1303.826728399,4.300000000,537.474601941,1205.382696896,1205.394500455,520.556637824,15.288136934,15.369332634,1.095992866,0.053385369,0.323533741,570.059728126,426.120375111,5.807816030400e9,3.499086668807e9,2.296370867964e9,2.054452913743e7,8.186035509319e6,-1.098270349758e-4
1550,155.100000000,15.725466515,15.664812932,0.060653583,1323.241076724,1303.727945349,4.300000000,537.440449055,1205.291191822,1205.300979662,520.504008308,15.287224880,15.363143597,1.095792053,0.053381896,0.324029597,570.075729726,426.120424668,5.846870020207e9,3.499718437889e9,2.334589967837e9,2.088110881565e7,8.319494335221e6,-8.355365753232e-5
1575,157.600000000,15.794650513,15.733765660,0.060884853,1323.239416005,1303.647070606,4.300000000,537.410006916,1205.215953939,1205.223959133,520.456489599,15.286567025,15.357445754,1.095621724,0.053378805,0.324488661,570.091713900,426.120475000,5.886096367686e9,3.500524498136e9,2.372807125802e9,2.121768872974e7,8.452944980899e6,-1.752732878231e-4
1600,160.100000000,15.855203877,15.794109564,0.061094313,1323.243664239,1303.581913976,4.300000000,537.383027390,1205.155022993,1205.161465184,520.413723581,15.286127303,15.352210618,1.095478182,0.053376069,0.324913398,570.107682261,426.120526107,5.925474113129e9,3.501483302682e9,2.411022929930e9,2.155426888333e7,8.586388365844e6,-1.885090423457e-4
1625,162.600000000,15.907739858,15.846457431,0.061282428,1323.252438936,1303.530429329,4.300000000,537.359263204,1205.106565193,1205.111649130,520.375356311,15.285872349,15.347409453,1.095357971,0.053373663,0.325306264,570.123636268,426.120577987,5.964983654388e9,3.502574748852e9,2.449237881601e9,2.189084928009e7,8.719825344481e6,-9.855070311460e-5
1650,165.100000000,15.952902219,15.891452261,0.061449958,1323.264553849,1303.490724849,4.300000000,537.338470772,1205.068882707,1205.072797319,520.341041642,15.285771637,15.343013886,1.095257894,0.053371560,0.325669678,570.139577238,426.120630641,6.004606849313e9,3.503780273648e9,2.487452402449e9,2.222742992367e7,8.853256706976e6,-5.682864502887e-5
1675,167.600000000,15.991347108,15.929749217,0.061597891,1323.279003085,1303.461068469,4.300000000,537.320412550,1205.040418838,1205.043336784,520.310444176,15.285797541,15.338996468,1.095175021,0.053369736,0.326005994,570.155506348,426.120684067,6.044327071472e9,3.505082902273e9,2.525666841563e9,2.256401081772e7,8.986683180706e6,-7.277154327312e-5
1700,170.100000000,16.023727876,15.962000494,0.061727382,1323.294944375,1303.439889185,4.300000000,537.304858958,1205.019759518,1205.021837140,520.283241617,15.285925329,15.335331052,1.095106693,0.053368168,0.326317490,570.171424648,426.120738265,6.084129225960e9,3.506467256694e9,2.563881482733e9,2.290059196589e7,9.120105432255e6,-2.022266744461e-4
1725,172.600000000,16.050682727,15.988843024,0.061839702,1323.311682177,1303.425774972,4.300000000,537.291589883,1205.005631738,1205.007009338,520.259126574,15.286133087,15.331992955,1.095050518,0.053366832,0.326606348,570.187333069,426.120793235,6.123999732128e9,3.507919531222e9,2.602096551604e9,2.323717337180e7,9.253524069853e6,-2.426839364489e-4
1750,175.100000000,16.072825042,16.010888851,0.061936191,1323.328651092,1303.417467966,4.300000000,537.280395838,1204.996899511,1204.997701897,520.237807911,15.286401613,15.328958930,1.095004363,0.053365707,0.326874642,570.203232430,426.120848975,6.163926479771e9,3.509427441786e9,2.640312222591e9,2.357375503912e7,9.386939646121e6,-2.119288219546e-4
1775,177.600000000,16.090736129,16.028717909,0.062018219,1323.345399975,1303.413857532,4.300000000,537.271078811,1204.992557936,1204.992895164,520.219011691,15.286714262,15.326207012,1.094966342,0.053364772,0.327124333,570.219123451,426.120905486,6.203898764796e9,3.510980155025e9,2.678528625461e9,2.391033697147e7,9.520352661073e6,-1.256707782886e-4
1800,180.100000000,16.104960099,16.042872944,0.062087155,1323.361576979,1303.413971801,4.300000000,537.263452830,1204.991725852,1204.991694111,520.202481751,15.287056775,15.323716339,1.094934803,0.053364009,0.327357264,570.235006758,426.120962766,6.243907209814e9,3.512568202702e9,2.716745851506e9,2.424691917249e7,9.653763565266e6,-1.675962048466e-4
1825,182.600000000,16.116000587,16.053856249,0.062144337,1323.376915708,1303.416968140,4.300000000,537.257344305,1204.993637527,1204.993320121,520.187979966,15.287417089,15.321466999,1.094908314,0.053363398,0.327575153,570.250882895,426.121020816,6.283943674363e9,3.514183386212e9,2.754963959269e9,2.458350164581e7,9.787172763063e6,-1.131590051955e-4
1850,185.100000000,16.124319006,16.062127948,0.062191059,1323.391222540,1303.422122994,4.300000000,537.252592138,1204.997633750,1204.997102137,520.175286219,15.287785140,15.319439949,1.094885641,0.053362925,0.327779593,570.266752328,426.121079635,6.324001158807e9,3.515818675255e9,2.793182979773e9,2.492008439506e7,9.920580615926e6,-1.519390625617e-4
1875,187.600000000,16.130334070,16.068105523,0.062228548,1323.404365176,1303.428821439,4.300000000,537.249047646,1205.003152640,1205.002467488,520.164198113,15.288152665,15.317617007,1.094865735,0.053362572,0.327972056,570.282615461,426.121139223,6.364073705264e9,3.517468104020e9,2.831402921266e9,2.525666742389e7,1.005398744570e7,-1.491949424235e-4
1900,190.100000000,16.134422311,16.072164353,0.062257957,1323.416262379,1303.436546723,4.300000000,537.246574318,1205.009720416,1205.008932663,520.154530486,15.288513005,15.315980887,1.094847711,0.053362328,0.328153892,570.298472633,426.121199580,6.404156298268e9,3.519126667610e9,2.869623773460e9,2.559325073590e7,1.018739353783e7,-1.804975199775e-4
1925,192.600000000,16.136919379,16.074639020,0.062280359,1323.426874887,1303.444870029,4.300000000,537.245047437,1205.016942343,1205.016094222,520.146114740,15.288860921,15.314515256,1.094830834,0.053362178,0.328326334,570.314324134,426.121260704,6.444244767330e9,3.520790220831e9,2.907845511308e9,2.592983433474e7,1.032079914453e7,-1.460971689085e-4
1950,195.100000000,16.138121925,16.075825185,0.062296740,1323.436197415,1303.453440616,4.300000000,537.244353594,1205.024493989,1205.023620015,520.138798061,15.289192412,15.313204780,1.094814502,0.053362112,0.328490504,570.330170207,426.121322596,6.484335693018e9,3.522455380973e9,2.946068098308e9,2.626641822402e7,1.045420448773e7,-9.149330071523e-5
1975,197.600000000,16.138289884,16.075981885,0.062307999,1323.444251689,1303.461976474,4.300000000,537.244390126,1205.032112927,1205.031240831,520.132442543,15.289504548,15.312035141,1.094798228,0.053362119,0.328647417,570.346011053,426.121385256,6.524426317778e9,3.524119435751e9,2.984291489381e9,2.660300240738e7,1.058760976199e7,-5.517867066374e-5
2000,200.100000000,16.137649034,16.075334086,0.062314948,1323.451080420,1303.470255563,4.300000000,537.245064500,1205.039590938,1205.038742539,520.126924274,15.289795317,15.310993027,1.094781627,0.053362189,0.328797988,570.361846839,426.121448683,6.564514462320e9,3.525780257219e9,3.022515633350e9,2.693958688843e7,1.072101513721e7,-1.293575714953e-4
2025,202.600000000,16.136393705,16.074075390,0.062318315,1323.456742144,1303.478107711,4.300000000,537.246293675,1205.046766790,1205.045958801,520.122132389,15.290063483,15.310066094,1.094764402,0.053362314,0.328943036,570.377677703,426.121512877,6.604598448098e9,3.527436222146e9,3.060740475042e9,2.727617167079e7,1.085442076109e7,-1.824129776651e-4
2050,205.100000000,16.134689551,16.072370804,0.062318747,1323.461306840,1303.485407179,4.300000000,537.248003448,1205.053519604,1205.052764366,520.117968126,15.290308456,15.309242917,1.094746333,0.053362487,0.329083295,570.393503755,426.121577837,6.644677026167e9,3.529086139108e9,3.098965957063e9,2.761275675809e7,1.098782676157e7,-1.701314358797e-4
2075,207.600000000,16.132676312,16.070359498,0.062316814,1323.464852239,1303.492065907,4.300000000,537.250127801,1205.059762814,1205.059068966,520.114343894,15.290530178,15.308512938,1.094727263,0.053362701,0.329219418,570.409325083,426.121643564,6.684749312501e9,3.530729182342e9,3.137192021254e9,2.794934215394e7,1.112123324897e7,-2.535168350732e-4
2100,210.100000000,16.130470499,16.068157483,0.062313016,1323.467460764,1303.498027435,4.300000000,537.252608259,1205.065438729,1205.064811809,520.111182359,15.290729020,15.307866422,1.094707087,0.053362950,0.329351981,570.425141758,426.121710057,6.724814729679e9,3.532364832244e9,3.175418609891e9,2.828592786197e7,1.125464031801e7,-3.102209757344e-4
2125,212.600000000,16.128167982,16.065860198,0.062307784,1323.469217001,1303.503261476,4.300000000,537.255393264,1205.070513664,1205.069956643,520.108415559,15.290905692,15.307294421,1.094685749,0.053363229,0.329481495,570.440953834,426.121777316,6.764872954777e9,3.533992822308e9,3.213645666634e9,2.862251388578e7,1.138804804965e7,-3.163241399307e-4
2150,215.100000000,16.125846429,16.063544940,0.062301489,1323.470205667,1303.507759108,4.300000000,537.258437569,1205.074973622,1205.074487379,520.105984055,15.291061161,15.306788748,1.094663227,0.053363533,0.329608405,570.456761352,426.121845341,6.804923873157e9,3.535613092172e9,3.251873137268e9,2.895910022899e7,1.152145651279e7,-3.287968738732e-4
2175,217.600000000,16.123567594,16.061273146,0.062294448,1323.470509980,1303.511528550,4.300000000,537.261701659,1205.078820494,1205.078404231,520.103836120,15.291196589,15.306341945,1.094639528,0.053363859,0.329733103,570.472564345,426.121914130,6.844967537826e9,3.537225746432e9,3.290100970265e9,2.929568689521e7,1.165486576580e7,-2.925378485088e-4
2200,220.100000000,16.121379425,16.059092500,0.062286925,1323.470210400,1303.514591485,4.300000000,537.265151194,1205.082068745,1205.081720348,520.101926968,15.291313270,15.305947259,1.094614683,0.053364203,0.329855927,570.488362833,426.121983685,6.885004133998e9,3.538831018788e9,3.328329117180e9,2.963227388807e7,1.178827585786e7,-2.440224452585e-4
2225,222.600000000,16.119318010,16.057038867,0.062279143,1323.469383675,1303.516979882,4.300000000,537.268756490,1205.084742539,1205.084458891,520.100218034,15.291412582,15.305598605,1.094588743,0.053364563,0.329977169,570.504156833,426.122054004,6.925033948428e9,3.540429241121e9,3.366557532926e9,2.996886121116e7,1.192168683026e7,-2.564465539763e-4
2250,225.100000000,16.117409333,16.055138051,0.062271282,1323.468102146,1303.518733277,4.300000000,537.272492030,1205.086873277,1205.086650523,520.098676305,15.291495948,15.305290528,1.094561768,0.053364934,0.330097083,570.519946354,426.122125088,6.965057343141e9,3.542020817065e9,3.404786175925e9,3.030544886811e7,1.205509871747e7,-2.467931772117e-4
2275,227.600000000,16.115670863,16.053407375,0.062263488,1323.466433285,1303.519896468,4.300000000,537.276336007,1205.088497506,1205.088331280,520.097273691,15.291564801,15.305018152,1.094533831,0.053365317,0.330215882,570.535731402,426.122196937,7.005074733120e9,3.543606199630e9,3.443015008175e9,3.064203686251e7,1.218851154817e7,-3.361120725458e-4
2300,230.100000000,16.114112976,16.051857099,0.062255877,1323.464439405,1303.520517581,4.300000000,537.280269903,1205.089655158,1205.089540772,520.095986458,15.291620554,15.304777135,1.094505010,0.053365707,0.330333751,570.551511981,426.122269549,7.045086567574e9,3.545185872485e9,3.481243995237e9,3.097862519798e7,1.232192534606e7,-3.382821196283e-4
2325,232.600000000,16.112740215,16.050491677,0.062248538,1323.462177528,1303.520646477,4.300000000,537.284278104,1205.090388085,1205.090320683,520.094794700,15.291664584,15.304563615,1.094475385,0.053366105,0.330450842,570.567288089,426.122342925,7.085093314385e9,3.546760334478e9,3.519473106161e9,3.131521387811e7,1.245534013071e7,-3.781615741900e-4
2350,235.100000000,16.111552402,16.049310863,0.062241538,1323.459699381,1303.520333437,4.300000000,537.288347548,1205.090738861,1205.090713551,520.093681861,15.291698210,15.304374170,1.094445038,0.053366509,0.330567285,570.583059728,426.122417064,7.125095447388e9,3.548330087035e9,3.557702313365e9,3.165180290653e7,1.258875591820e7,-3.276528277638e-4
2375,237.600000000,16.110545607,16.048310684,0.062234923,1323.457051481,1303.519628121,4.300000000,537.292467399,1205.090749816,1205.090761769,520.092634302,15.291722682,15.304205768,1.094414052,0.053366918,0.330683186,570.598826894,426.122491967,7.165093436122e9,3.549895624075e9,3.595931592482e9,3.198839228682e7,1.272217272171e7,-2.733267810981e-4
2400,240.100000000,16.109712994,16.047484270,0.062228724,1323.454275308,1303.518578745,4.300000000,537.296628755,1205.090462271,1205.090506800,520.091640905,15.291739176,15.304055732,1.094382505,0.053367330,0.330798634,570.614589585,426.122567633,7.205087737751e9,3.551457424108e9,3.634160922172e9,3.232498202260e7,1.285559055205e7,-2.022781973210e-4
2425,242.600000000,16.109045542,16.046822585,0.062222958,1323.451407527,1303.517231448,4.300000000,537.300824387,1205.089915941,1205.089988566,520.090692718,15.291748782,15.303921703,1.094350473,0.053367746,0.330913699,570.630347800,426.122644061,7.245078790859e9,3.553015944236e9,3.672390283924e9,3.266157211747e7,1.298900941812e7,-2.172910117224e-4
2450,245.100000000,16.108532663,16.046315033,0.062217630,1323.448480257,1303.515629832,4.300000000,537.305048495,1205.089148505,1205.089244994,520.089782638,15.291752506,15.303801610,1.094318029,0.053368165,0.331028439,570.646101536,426.122721252,7.285067010849e9,3.554571615756e9,3.710619661845e9,3.299816257501e7,1.312242932724e7,-1.877977592812e-4
2475,247.600000000,16.108162721,16.045949983,0.062212738,1323.445521372,1303.513814639,4.300000000,537.309296499,1205.088195283,1205.088311685,520.088905125,15.291751267,15.303693638,1.094285239,0.053368585,0.331142899,570.661850792,426.122799204,7.325052786697e9,3.556124841143e9,3.748849042441e9,3.333475339884e7,1.325585028554e7,-1.472120820836e-4
2500,250.100000000,16.107923467,16.045715196,0.062208271,1323.442554816,1303.511823551,4.300000000,537.313564848,1205.087089036,1205.087221701,520.088055948,15.291745897,15.303596202,1.094252167,0.053369008,0.331257114,570.677595567,426.122877919,7.365036478870e9,3.557675992170e9,3.787078414405e9,3.367134459256e7,1.338927229819e7,-1.185945893667e-4
2525,252.600000000,16.107802397,16.045598183,0.062204214,1323.439600924,1303.509691078,4.300000000,537.317850848,1205.085859851,1205.086005437,520.087231962,15.291737144,15.303507922,1.094218869,0.053369432,0.331371111,570.693335860,426.122957396,7.405018418175e9,3.559225408986e9,3.825307768399e9,3.400793615975e7,1.352269536964e7,-1.354396263196e-4
2550,255.100000000,16.107787037,16.045586490,0.062200546,1323.436676753,1303.507448540,4.300000000,537.322152515,1205.084535092,1205.084690572,520.086430914,15.291725679,15.303427596,1.094185399,0.053369858,0.331484908,570.709071673,426.123037633,7.444998905409e9,3.560773399954e9,3.863537096855e9,3.434452810401e7,1.365611950381e7,-1.499303944001e-4
2575,257.600000000,16.107865177,16.045667932,0.062197246,1323.433796397,1303.505124099,4.300000000,537.326468447,1205.083139424,1205.083302078,520.085651272,15.291712091,15.303354181,1.094151801,0.053370285,0.331598521,570.724803007,426.123118632,7.484978211620e9,3.562320242122e9,3.901766393773e9,3.468112042894e7,1.378954470427e7,-5.388888894231e-5
2600,260.100000000,16.108025050,16.045830763,0.062194287,1323.430971302,1303.502742855,4.300000000,537.330797708,1205.081694870,1205.081862278,520.084892074,15.291696901,15.303286772,1.094118119,0.053370714,0.331711958,570.740529863,426.123200392,7.524956578875e9,3.563866182173e9,3.939995654537e9,3.501771313813e7,1.392297097432e7,-2.029991264862e-5
2625,262.600000000,16.108255460,16.046063816,0.062191644,1323.428210561,1303.500326968,4.300000000,537.335139729,1205.080220916,1205.080390943,520.084152808,15.291680563,15.303224586,1.094084389,0.053371143,0.331825225,570.756252246,426.123282913,7.564934221408e9,3.565411437743e9,3.978224875747e9,3.535430623517e7,1.405639831711e7,-7.719272616669e-6
2650,265.100000000,16.108545886,16.046356596,0.062189291,1323.425521194,1303.497895820,4.300000000,537.339494229,1205.078734631,1205.078905416,520.083433296,15.291663466,15.303166945,1.094050644,0.053371574,0.331938325,570.771970159,426.123366193,7.604911327051e9,3.566956199015e9,4.016454055048e9,3.569089972365e7,1.418982673575e7,-4.432971763890e-6
2675,267.600000000,16.108886543,16.046699342,0.062187201,1323.422908411,1303.495466186,4.300000000,537.343861141,1205.077250822,1205.077420756,520.082733608,15.291645946,15.303113267,1.094016912,0.053372007,0.332051258,570.787683607,426.123450234,7.644888058866e9,3.568500630499e9,4.054683190993e9,3.602749360716e7,1.432325623330e7,-3.501511491777e-5
2700,270.100000000,16.109268418,16.047083068,0.062185350,1323.420375858,1303.493052431,4.300000000,537.348240549,1205.075782184,1205.075949893,520.082053983,15.291628286,15.303063049,1.093983216,0.053372440,0.332164024,570.803392594,426.123535035,7.684864556904e9,3.570044872926e9,4.092912282902e9,3.636408788929e7,1.445668681287e7,-4.772804277309e-5
2725,272.600000000,16.109683289,16.047499577,0.062183712,1323.417925836,1303.490666699,4.300000000,537.352632642,1205.074339472,1205.074503799,520.081394767,15.291610723,15.303015865,1.093949577,0.053372875,0.332276620,570.819097128,426.123620595,7.724840940043e9,3.571589045205e9,4.131141330742e9,3.670068257363e7,1.459011847762e7,2.222005059593e-5
2750,275.100000000,16.110123724,16.047941459,0.062182265,1323.415559509,1303.488319113,4.300000000,537.357037673,1205.072931665,1205.073091650,520.080756361,15.291593453,15.302971349,1.093916013,0.053373311,0.332389045,570.834797213,426.123706914,7.764817307841e9,3.573133246388e9,4.169370335020e9,3.703727766376e7,1.472355123078e7,-1.176293935714e-4
2775,277.600000000,16.110583060,16.048402075,0.062180986,1323.413277085,1303.486017972,4.300000000,537.361455922,1205.071566139,1205.071720997,520.080139178,15.291576636,15.302929194,1.093882536,0.053373748,0.332501296,570.850492857,426.123793993,7.804793742378e9,3.574677557610e9,4.207599296681e9,3.737387316326e7,1.485698507566e7,-6.828802543168e-5
2800,280.100000000,16.111055382,16.048875528,0.062179854,1323.411077984,1303.483769940,4.300000000,537.365887671,1205.070248826,1205.070397933,520.079543614,15.291560398,15.302889141,1.093849158,0.053374187,0.332613369,570.866184067,426.123881830,7.844770310055e9,3.576222043965e9,4.245828217029e9,3.771046907572e7,1.499042001567e7,-5.751899334427e-5
2825,282.600000000,16.111535481,16.049356630,0.062178851,1323.408960980,1303.481580228,4.300000000,537.370333185,1205.068984374,1205.069127246,520.078970020,15.291544839,15.302850972,1.093815888,0.053374627,0.332725263,570.881870850,426.123970426,7.884747063315e9,3.577766756316e9,4.284057097648e9,3.804706540472e7,1.512385605429e7,-1.482960233261e-4
2850,285.100000000,16.112018820,16.049840861,0.062177959,1323.406924336,1303.479452765,4.300000000,537.374792694,1205.067776298,1205.067912575,520.078418687,15.291530034,15.302814508,1.093782733,0.053375068,0.332836975,570.897553215,426.124059780,7.924724042284e9,3.579311732989e9,4.322285940336e9,3.838366215384e7,1.525729319505e7,-1.369644560327e-4
2875,287.600000000,16.112501482,16.050324320,0.062177162,1323.404965915,1303.477390365,4.300000000,537.379266383,1205.066627119,1205.066756550,520.077889832,15.291516036,15.302779602,1.093749697,0.053375511,0.332948504,570.913231169,426.124149892,7.964701276314e9,3.580857001377e9,4.360514747051e9,3.872025932666e7,1.539073144155e7,-1.717303075566e-4
2900,290.100000000,16.112980127,16.050803680,0.062176447,1323.403083277,1303.475394871,4.300000000,537.383754384,1205.065538497,1205.065660925,520.077383591,15.291502881,15.302746131,1.093716783,0.053375956,0.333059848,570.928904720,426.124240762,8.004678785406e9,3.582402579415e9,4.398743519862e9,3.905685692676e7,1.552417079746e7,-1.996277405851e-4
2925,292.600000000,16.113451939,16.051276140,0.062175799,1323.401273767,1303.473467298,4.300000000,537.388256772,1205.064511353,1205.064626700,520.076900012,15.291490592,15.302713997,1.093683993,0.053376402,0.333171007,570.944573876,426.124332389,8.044656581536e9,3.583948476937e9,4.436972260908e9,3.939345495771e7,1.565761126643e7,-2.378987464908e-4
2950,295.100000000,16.113914583,16.051739374,0.062175209,1323.399534583,1303.471607957,4.300000000,537.392773564,1205.063545979,1205.063654236,520.076439061,15.291479175,15.302683123,1.093651327,0.053376849,0.333281980,570.960238646,426.124424774,8.084634669858e9,3.585494696923e9,4.475200972364e9,3.973005342310e7,1.579105285216e7,-2.169988110836e-4
2975,297.600000000,16.114366150,16.052191484,0.062174665,1323.397862840,1303.469816571,4.300000000,537.397304715,1205.062642139,1205.062743351,520.076000617,15.291468631,15.302653445,1.093618786,0.053377298,0.333392768,570.975899037,426.124517915,8.124613049793e9,3.587041236611e9,4.513429656414e9,4.006665232649e7,1.592449555833e7,-1.939256362675e-4
2999,300.000000000,16.114787815,16.052613635,0.062174180,1323.396318705,1303.468160065,4.300000000,537.401668036,1205.061831719,1205.061926257,520.075600699,15.291459321,15.302626035,1.093587661,0.053377730,0.333498952,570.990928901,426.124608043,8.162992563976e9,3.588526208567e9,4.550129169334e9,4.038978768913e7,1.605260161377e7,-1.370859590679e-4
