# A. Dadda et al., "Source term analysis and impact study during a hypothetical accident in Haiyang nuclear power plant",
# Radiation Physics and Chemistry 218 (2024) 111542, Fig. 7 "Plume Centerline TED as a function of downwind distance for all
# radionuclide groups", the April-August period (stability class B, 4.44 m/s). Cited; the PDF is NOT redistributed (published
# journal article; DATA_POLICY "public literature data": digitised points with citation only).
# Model (the paper's): HotSpot 3.1; AP1000, 3400 MWt; RG 1.183 group release fractions; no containment leak rate stated;
# 100 m stack; 2 h release interval. TED = inhalation CEDE + submersion + ground shine + resuspension (their Eq. 7).
# Digitisation: manual, hand-placed by the maintainer (teddy0) in kovan's GUI, 2026-10-01T01:53:51Z, page 7, on LOG-LOG axes.
# Calibration (kovan toml): x log, px 99.48441314697266 = 0.1 km, px 330.6555480957031 = 100 km; y log,
# px 233.48883056640625 = 1e-16 Sv, px 27.67020034790039 = 1e3 Sv -> 0.0923 decades/px in y (one px = x1.237), 0.0130 decades/px in x.
# Values copied VERBATIM from the kovan series "Apr to Aug <group>" (column names normalised to the NUREG-1465 group names used by
# the other CSVs here). Each group was digitised at its own x points. Table 3 (max TED per group at 0.6 km) is the gate in
# src/ap1000_ted.rs. Research, education and V&V only.
group,distance_km,ted_sv
lanthanides,0.10168834355911455,0.000000000000001192201609269865
lanthanides,0.201916192240283,0.00004271387796477212
lanthanides,0.3161055558679275,0.0024240437077739105
lanthanides,0.4261928079373991,0.007803133230820527
lanthanides,0.5746191617506909,0.010733477541055119
lanthanides,0.7747366330488759,0.009651244292772454
lanthanides,1.0445472245638825,0.007016360240345394
lanthanides,1.8428867853769413,0.00269586158081313
lanthanides,5.736405040862423,0.0003217767970428068
lanthanides,7.7341714704086995,0.00021034207379679327
lanthanides,10.427682129763056,0.0001374983790495303
lanthanides,104.09922312969547,0.000002996680357022424
lanthanides,140.3529276413085,0.000001583789872491855
lanthanides,189.23238526904044,0.0000010353066140874582
noble_metals,0.09992746084601552,0.000000000000008459483748535711
noble_metals,0.19995002074576113,0.0002710003395233193
noble_metals,0.28900139080491727,0.018261067768713498
noble_metals,0.3972432050392389,0.05232591623221847
noble_metals,0.5098829727801999,0.08085859184080896
noble_metals,0.6874553510835975,0.07270579549267947
noble_metals,0.9268692718970206,0.058783405711430446
noble_metals,2.0180118978595,0.0187555084109681
noble_metals,3.889856900806944,0.005672801567342719
noble_metals,5.761716481352256,0.0024774216467733086
noble_metals,9.252906824985741,0.001035817633922761
noble_metals,40.010200539552535,0.0000999599772433001
noble_metals,95.17333595605399,0.000025106333081559553
noble_metals,150.93973689307782,0.00001037859719026025
noble_metals,203.1951881272137,0.000006473180545419539
cerium,0.20188829847230033,0.011550860750312829
cerium,0.4005176121823624,1.5637668952455288
cerium,0.5188594146645317,2.095545705928384
cerium,0.5976623668082826,2.106961256561317
cerium,0.7566307967892629,1.9685269330374133
cerium,0.8803652412766844,1.877503129303793
cerium,0.9792109393554118,1.865351341748542
cerium,1.976509876032478,0.5437352711294208
cerium,4.122220286719816,0.1721608823487653
cerium,6.06469917326063,0.08405289099370615
cerium,7.720634726130246,0.046249246389248315
cerium,10.037451549653264,0.028438704707668648
cerium,38.744526806304435,0.002591736204655366
cerium,99.87341547126576,0.0006518029249258992
cerium,147.49062011127876,0.00036207307019495345
cerium,199.01005610492734,0.00022235834290503502
barium_strontium,0.20511305903782429,0.0017457864054702748
barium_strontium,0.30639652850473786,0.10419189787976414
barium_strontium,0.4078709646134609,0.23991373770812383
barium_strontium,0.5121416651550067,0.37085960826481906
barium_strontium,0.5968331555970832,0.3720843308126186
barium_strontium,0.6913770938214616,0.3354953319994814
barium_strontium,0.7945271140623712,0.33699598082069687
barium_strontium,0.9046031804653053,0.2842670524960036
barium_strontium,1.001064312484451,0.2657362490461041
barium_strontium,2.009307931705929,0.09956025996543422
barium_strontium,3.983676818515465,0.03026133645563675
barium_strontium,5.887016199966239,0.01222501575830672
barium_strontium,8.002805839947063,0.007424165618493146
barium_strontium,9.843874173310558,0.005587696285382
barium_strontium,40.02822859584958,0.0004680317074268891
barium_strontium,99.36849646254716,0.00010451304722983627
barium_strontium,146.99220530908966,0.00005815991374298947
barium_strontium,197.90104911288245,0.00003677947995799291
tellurium,0.10074205030925604,0.000000000000049981215546479506
tellurium,0.20023759048649822,0.0016235848731163487
tellurium,0.30358692037027535,0.08126611723210192
tellurium,0.3898556394604198,0.26133180188284916
tellurium,0.5068950372385743,0.360297280818715
tellurium,0.5929900449991966,0.4343976256964709
tellurium,0.7019731767914048,0.37098171840832034
tellurium,0.7950794051011987,0.3372556738504933
tellurium,0.8938528761710233,0.3069115643678052
tellurium,1.0081628401060236,0.328310485224132
tellurium,1.9861301181927105,0.09740978706532434
tellurium,3.9948741816669515,0.030746864181554173
tellurium,5.942327844382659,0.01385790613427094
tellurium,8.12273096200165,0.008502535174434535
tellurium,9.891584182728986,0.006537293265788147
tellurium,40.14487694902563,0.0006292385789695213
tellurium,102.59979935753596,0.00010939354210058289
tellurium,154.70591996902937,0.000071561136709725
tellurium,199.21705071565515,0.00004001300073040894
alkali_metals,0.2005501702430685,0.019362527116779056
alkali_metals,0.3101059978735288,0.9544400291511643
alkali_metals,0.3982430066499305,2.4095901765448473
alkali_metals,0.4957501015398235,3.7411112812453418
alkali_metals,0.5977343132605838,3.5984809619502287
alkali_metals,0.7006199498283601,3.628707811773227
alkali_metals,0.8021043879834453,3.195506050067611
alkali_metals,0.8836911541794024,3.0570882135052253
alkali_metals,1.022778438175841,2.9246613971382893
alkali_metals,2.021644138296747,0.9693966040396104
alkali_metals,3.999492501848591,0.2781301234680098
alkali_metals,6.105345527257617,0.12871291372469035
alkali_metals,7.989797037605303,0.06895713367403256
alkali_metals,9.962002287061535,0.045695687664138576
alkali_metals,39.16554847364493,0.004353712165400835
alkali_metals,101.94174463341054,0.0009578866157607151
alkali_metals,147.62598779828383,0.0004265571459688529
alkali_metals,194.94649747902912,0.00030514809537320335
halogens,0.0985629236580652,0.000000000003702764439149567
halogens,0.1959718754790544,0.12369574106730094
halogens,0.3044992464731023,6.949302322456176
halogens,0.410045726609119,21.673384430915572
halogens,0.5075520805483096,25.679060339594887
halogens,0.5920487970295696,31.083233879280055
halogens,0.6901154035137838,26.534158934538755
halogens,0.7982363313709571,25.131123806120524
halogens,0.893669086399114,27.06796241023624
halogens,0.9756175998392833,23.04975260089775
halogens,1.8987861473674517,7.019823464868089
halogens,4.081568098106044,2.091932948433953
halogens,6.089681883526334,0.9318381112878387
halogens,8.210480876425901,0.6091326738673951
halogens,10.013544232625726,0.3482555993900376
halogens,39.70090786343302,0.032519482316329916
halogens,101.5719633524757,0.006536922219264501
halogens,148.99657096540378,0.004124071276309874
halogens,194.97227644869193,0.002179632641014877
noble_gases,0.09993575357872757,0.0000000000001726092514617248
noble_gases,0.2070931711027554,0.007704962609723859
noble_gases,0.30438458753964154,0.2882365253491573
noble_gases,0.3968036753724366,1.0223255657802206
noble_gases,0.4942546175158326,1.3426169376762618
noble_gases,0.6262203193415615,1.5466570637874484
noble_gases,0.7112613644314175,1.4988786992019176
noble_gases,0.8053953286087632,1.2071713487468347
noble_gases,0.874638990465387,1.1558122256347783
noble_gases,1.0118216080413327,0.8850280660066311
noble_gases,1.9932181020780997,0.3078626910835812
noble_gases,3.9857480337569613,0.06489325600522766
noble_gases,5.9578134876524045,0.030461288866022035
noble_gases,8.155031252204417,0.019669775533876735
noble_gases,9.863750799591713,0.013493212721371533
noble_gases,98.27234125351681,0.00006608930911371968
noble_gases,151.11809104371665,0.000024896391797085034
noble_gases,206.4002584363572,0.000008762268541509066
