distance_km,depressurization_thyroid_msv,depressurization_whole_body_msv,water_ingress_thyroid_msv,water_ingress_whole_body_msv
0.25,1.7E-01,7.7E-02,1.1E+00,2.0E-01
0.75,7.7E-02,3.3E-02,5.2E-01,8.8E-02
1.5,5.2E-02,1.9E-02,3.7E-01,5.2E-02
2.5,2.9E-02,1.1E-02,2.0E-01,3.1E-02
4.0,1.4E-02,6.3E-03,8.7E-02,1.7E-02
7.5,4.0E-03,2.4E-03,2.1E-02,6.1E-03
15,9.8E-04,6.6E-04,4.6E-03,1.6E-03
25,2.8E-04,2.0E-04,1.2E-03,5.0E-04
35,9.8E-05,7.3E-05,3.9E-04,1.8E-04
45,3.6E-05,2.8E-05,1.4E-04,6.9E-05
55,1.4E-05,1.1E-05,5.2E-05,2.8E-05
65,5.8E-06,4.7E-06,2.0E-05,1.1E-05
75,2.4E-06,2.0E-06,8.0E-06,4.7E-06
